topic_number,buckets,authors,posts,post_author_ratio
1,0.1,9,10,1.1111111111111112
1,0.2,12,14,1.1666666666666667
1,0.3,5,5,1.0
1,0.4,6,6,1.0
1,0.5,2,2,1.0
1,0.6,1,3,3.0
1,0.7,0,0,-1.0
1,0.8,0,0,-1.0
1,0.9,0,0,-1.0
1,1.0,0,0,-1.0
2,0.1,10,14,1.4
2,0.2,6,6,1.0
2,0.3,11,11,1.0
2,0.4,5,5,1.0
2,0.5,6,6,1.0
2,0.6,3,9,3.0
2,0.7,1,3,3.0
2,0.8,0,0,-1.0
2,0.9,0,0,-1.0
2,1.0,0,0,-1.0
3,0.1,25,26,1.04
3,0.2,17,18,1.0588235294117647
3,0.3,18,20,1.1111111111111112
3,0.4,8,8,1.0
3,0.5,6,9,1.5
3,0.6,1,1,1.0
3,0.7,1,1,1.0
3,0.8,1,1,1.0
3,0.9,2,2,1.0
3,1.0,0,0,-1.0
4,0.1,10,10,1.0
4,0.2,17,20,1.1764705882352942
4,0.3,15,15,1.0
4,0.4,15,16,1.0666666666666667
4,0.5,2,2,1.0
4,0.6,4,5,1.25
4,0.7,2,2,1.0
4,0.8,0,0,-1.0
4,0.9,0,0,-1.0
4,1.0,0,0,-1.0
5,0.1,12,12,1.0
5,0.2,20,20,1.0
5,0.3,19,25,1.3157894736842106
5,0.4,14,18,1.2857142857142858
5,0.5,4,10,2.5
5,0.6,1,2,2.0
5,0.7,0,0,-1.0
5,0.8,0,0,-1.0
5,0.9,0,0,-1.0
5,1.0,0,0,-1.0
6,0.1,11,14,1.2727272727272727
6,0.2,13,14,1.0769230769230769
6,0.3,6,6,1.0
6,0.4,8,8,1.0
6,0.5,5,10,2.0
6,0.6,1,1,1.0
6,0.7,3,3,1.0
6,0.8,0,0,-1.0
6,0.9,2,2,1.0
6,1.0,0,0,-1.0
7,0.1,15,15,1.0
7,0.2,11,11,1.0
7,0.3,5,5,1.0
7,0.4,2,2,1.0
7,0.5,2,2,1.0
7,0.6,0,0,-1.0
7,0.7,3,3,1.0
7,0.8,1,1,1.0
7,0.9,1,1,1.0
7,1.0,0,0,-1.0
8,0.1,10,10,1.0
8,0.2,9,9,1.0
8,0.3,6,6,1.0
8,0.4,5,5,1.0
8,0.5,2,2,1.0
8,0.6,3,3,1.0
8,0.7,2,2,1.0
8,0.8,0,0,-1.0
8,0.9,0,0,-1.0
8,1.0,0,0,-1.0
9,0.1,8,8,1.0
9,0.2,6,6,1.0
9,0.3,13,15,1.1538461538461537
9,0.4,10,18,1.8
9,0.5,4,4,1.0
9,0.6,1,2,2.0
9,0.7,2,3,1.5
9,0.8,0,0,-1.0
9,0.9,0,0,-1.0
9,1.0,0,0,-1.0
10,0.1,15,15,1.0
10,0.2,17,17,1.0
10,0.3,15,16,1.0666666666666667
10,0.4,2,2,1.0
10,0.5,4,4,1.0
10,0.6,4,5,1.25
10,0.7,1,1,1.0
10,0.8,0,0,-1.0
10,0.9,1,1,1.0
10,1.0,0,0,-1.0
11,0.1,11,11,1.0
11,0.2,13,14,1.0769230769230769
11,0.3,7,7,1.0
11,0.4,11,11,1.0
11,0.5,3,8,2.6666666666666665
11,0.6,3,3,1.0
11,0.7,0,0,-1.0
11,0.8,0,0,-1.0
11,0.9,0,0,-1.0
11,1.0,0,0,-1.0
12,0.1,15,15,1.0
12,0.2,10,11,1.1
12,0.3,12,16,1.3333333333333333
12,0.4,14,16,1.1428571428571428
12,0.5,8,8,1.0
12,0.6,7,7,1.0
12,0.7,3,3,1.0
12,0.8,0,0,-1.0
12,0.9,0,0,-1.0
12,1.0,0,0,-1.0
13,0.1,14,14,1.0
13,0.2,17,18,1.0588235294117647
13,0.3,14,14,1.0
13,0.4,8,8,1.0
13,0.5,4,4,1.0
13,0.6,1,1,1.0
13,0.7,1,1,1.0
13,0.8,0,0,-1.0
13,0.9,0,0,-1.0
13,1.0,0,0,-1.0
14,0.1,19,19,1.0
14,0.2,17,17,1.0
14,0.3,10,12,1.2
14,0.4,5,5,1.0
14,0.5,2,2,1.0
14,0.6,2,2,1.0
14,0.7,0,0,-1.0
14,0.8,0,0,-1.0
14,0.9,0,0,-1.0
14,1.0,0,0,-1.0
15,0.1,6,6,1.0
15,0.2,13,13,1.0
15,0.3,4,4,1.0
15,0.4,4,7,1.75
15,0.5,5,6,1.2
15,0.6,2,2,1.0
15,0.7,0,0,-1.0
15,0.8,0,0,-1.0
15,0.9,0,0,-1.0
15,1.0,0,0,-1.0
16,0.1,3,3,1.0
16,0.2,1,1,1.0
16,0.3,3,3,1.0
16,0.4,2,2,1.0
16,0.5,0,0,-1.0
16,0.6,0,0,-1.0
16,0.7,0,0,-1.0
16,0.8,1,12,12.0
16,0.9,0,0,-1.0
16,1.0,0,0,-1.0
17,0.1,7,7,1.0
17,0.2,3,3,1.0
17,0.3,3,3,1.0
17,0.4,1,1,1.0
17,0.5,1,1,1.0
17,0.6,2,2,1.0
17,0.7,0,0,-1.0
17,0.8,1,1,1.0
17,0.9,1,1,1.0
17,1.0,1,1,1.0
18,0.1,18,19,1.0555555555555556
18,0.2,11,11,1.0
18,0.3,11,12,1.0909090909090908
18,0.4,5,5,1.0
18,0.5,1,1,1.0
18,0.6,2,4,2.0
18,0.7,0,0,-1.0
18,0.8,1,1,1.0
18,0.9,0,0,-1.0
18,1.0,0,0,-1.0
19,0.1,35,36,1.0285714285714285
19,0.2,35,35,1.0
19,0.3,21,23,1.0952380952380953
19,0.4,11,11,1.0
19,0.5,10,10,1.0
19,0.6,1,2,2.0
19,0.7,3,3,1.0
19,0.8,1,1,1.0
19,0.9,0,0,-1.0
19,1.0,0,0,-1.0
20,0.1,11,12,1.0909090909090908
20,0.2,8,8,1.0
20,0.3,14,18,1.2857142857142858
20,0.4,6,7,1.1666666666666667
20,0.5,7,8,1.1428571428571428
20,0.6,3,10,3.3333333333333335
20,0.7,1,1,1.0
20,0.8,0,0,-1.0
20,0.9,0,0,-1.0
20,1.0,0,0,-1.0
21,0.1,12,12,1.0
21,0.2,4,4,1.0
21,0.3,4,4,1.0
21,0.4,4,4,1.0
21,0.5,2,2,1.0
21,0.6,4,4,1.0
21,0.7,2,2,1.0
21,0.8,4,6,1.5
21,0.9,1,1,1.0
21,1.0,0,0,-1.0
22,0.1,59,60,1.0169491525423728
22,0.2,37,38,1.027027027027027
22,0.3,19,19,1.0
22,0.4,5,5,1.0
22,0.5,9,9,1.0
22,0.6,6,7,1.1666666666666667
22,0.7,2,2,1.0
22,0.8,0,0,-1.0
22,0.9,1,1,1.0
22,1.0,0,0,-1.0
23,0.1,11,12,1.0909090909090908
23,0.2,7,7,1.0
23,0.3,4,4,1.0
23,0.4,3,5,1.6666666666666667
23,0.5,2,2,1.0
23,0.6,1,1,1.0
23,0.7,2,2,1.0
23,0.8,0,0,-1.0
23,0.9,1,1,1.0
23,1.0,1,5,5.0
24,0.1,33,34,1.0303030303030303
24,0.2,27,27,1.0
24,0.3,19,19,1.0
24,0.4,6,6,1.0
24,0.5,8,10,1.25
24,0.6,1,1,1.0
24,0.7,0,0,-1.0
24,0.8,1,1,1.0
24,0.9,0,0,-1.0
24,1.0,0,0,-1.0
25,0.1,37,38,1.027027027027027
25,0.2,14,15,1.0714285714285714
25,0.3,17,19,1.1176470588235294
25,0.4,5,6,1.2
25,0.5,9,12,1.3333333333333333
25,0.6,2,2,1.0
25,0.7,1,5,5.0
25,0.8,0,0,-1.0
25,0.9,0,0,-1.0
25,1.0,0,0,-1.0
26,0.1,15,15,1.0
26,0.2,22,23,1.0454545454545454
26,0.3,14,14,1.0
26,0.4,10,12,1.2
26,0.5,3,3,1.0
26,0.6,6,10,1.6666666666666667
26,0.7,1,2,2.0
26,0.8,0,0,-1.0
26,0.9,0,0,-1.0
26,1.0,0,0,-1.0
27,0.1,28,30,1.0714285714285714
27,0.2,20,20,1.0
27,0.3,11,11,1.0
27,0.4,8,8,1.0
27,0.5,4,4,1.0
27,0.6,2,2,1.0
27,0.7,1,1,1.0
27,0.8,0,0,-1.0
27,0.9,0,0,-1.0
27,1.0,0,0,-1.0
28,0.1,26,26,1.0
28,0.2,10,10,1.0
28,0.3,10,10,1.0
28,0.4,7,7,1.0
28,0.5,4,5,1.25
28,0.6,0,0,-1.0
28,0.7,0,0,-1.0
28,0.8,1,9,9.0
28,0.9,0,0,-1.0
28,1.0,0,0,-1.0
29,0.1,16,16,1.0
29,0.2,7,10,1.4285714285714286
29,0.3,9,9,1.0
29,0.4,9,9,1.0
29,0.5,6,12,2.0
29,0.6,1,1,1.0
29,0.7,1,1,1.0
29,0.8,0,0,-1.0
29,0.9,0,0,-1.0
29,1.0,0,0,-1.0
30,0.1,9,9,1.0
30,0.2,15,19,1.2666666666666666
30,0.3,11,11,1.0
30,0.4,8,8,1.0
30,0.5,3,4,1.3333333333333333
30,0.6,1,1,1.0
30,0.7,2,11,5.5
30,0.8,0,0,-1.0
30,0.9,0,0,-1.0
30,1.0,0,0,-1.0
31,0.1,16,16,1.0
31,0.2,14,14,1.0
31,0.3,13,13,1.0
31,0.4,10,11,1.1
31,0.5,5,7,1.4
31,0.6,2,2,1.0
31,0.7,1,1,1.0
31,0.8,0,0,-1.0
31,0.9,0,0,-1.0
31,1.0,0,0,-1.0
32,0.1,11,13,1.1818181818181819
32,0.2,13,13,1.0
32,0.3,6,6,1.0
32,0.4,4,4,1.0
32,0.5,0,0,-1.0
32,0.6,1,1,1.0
32,0.7,1,1,1.0
32,0.8,1,2,2.0
32,0.9,0,0,-1.0
32,1.0,0,0,-1.0
33,0.1,13,13,1.0
33,0.2,22,22,1.0
33,0.3,8,8,1.0
33,0.4,9,9,1.0
33,0.5,4,4,1.0
33,0.6,2,2,1.0
33,0.7,1,1,1.0
33,0.8,0,0,-1.0
33,0.9,0,0,-1.0
33,1.0,0,0,-1.0
34,0.1,30,32,1.0666666666666667
34,0.2,19,20,1.0526315789473684
34,0.3,19,20,1.0526315789473684
34,0.4,9,10,1.1111111111111112
34,0.5,5,5,1.0
34,0.6,3,5,1.6666666666666667
34,0.7,3,3,1.0
34,0.8,0,0,-1.0
34,0.9,0,0,-1.0
34,1.0,0,0,-1.0
35,0.1,12,12,1.0
35,0.2,12,14,1.1666666666666667
35,0.3,5,5,1.0
35,0.4,13,14,1.0769230769230769
35,0.5,4,6,1.5
35,0.6,4,4,1.0
35,0.7,1,1,1.0
35,0.8,0,0,-1.0
35,0.9,0,0,-1.0
35,1.0,0,0,-1.0
36,0.1,20,20,1.0
36,0.2,12,13,1.0833333333333333
36,0.3,11,13,1.1818181818181819
36,0.4,4,6,1.5
36,0.5,2,2,1.0
36,0.6,2,5,2.5
36,0.7,0,0,-1.0
36,0.8,0,0,-1.0
36,0.9,0,0,-1.0
36,1.0,0,0,-1.0
37,0.1,14,14,1.0
37,0.2,9,10,1.1111111111111112
37,0.3,5,6,1.2
37,0.4,2,2,1.0
37,0.5,1,1,1.0
37,0.6,2,2,1.0
37,0.7,2,2,1.0
37,0.8,2,2,1.0
37,0.9,1,1,1.0
37,1.0,0,0,-1.0
38,0.1,14,16,1.1428571428571428
38,0.2,13,13,1.0
38,0.3,10,10,1.0
38,0.4,7,7,1.0
38,0.5,6,7,1.1666666666666667
38,0.6,2,2,1.0
38,0.7,1,1,1.0
38,0.8,1,1,1.0
38,0.9,0,0,-1.0
38,1.0,0,0,-1.0
39,0.1,5,5,1.0
39,0.2,1,1,1.0
39,0.3,2,2,1.0
39,0.4,4,4,1.0
39,0.5,1,1,1.0
39,0.6,1,1,1.0
39,0.7,0,0,-1.0
39,0.8,0,0,-1.0
39,0.9,0,0,-1.0
39,1.0,0,0,-1.0
40,0.1,15,15,1.0
40,0.2,5,5,1.0
40,0.3,4,4,1.0
40,0.4,4,4,1.0
40,0.5,2,2,1.0
40,0.6,0,0,-1.0
40,0.7,0,0,-1.0
40,0.8,0,0,-1.0
40,0.9,0,0,-1.0
40,1.0,0,0,-1.0
41,0.1,12,12,1.0
41,0.2,5,5,1.0
41,0.3,7,7,1.0
41,0.4,9,9,1.0
41,0.5,5,5,1.0
41,0.6,1,1,1.0
41,0.7,1,1,1.0
41,0.8,0,0,-1.0
41,0.9,0,0,-1.0
41,1.0,0,0,-1.0
42,0.1,14,14,1.0
42,0.2,7,7,1.0
42,0.3,8,8,1.0
42,0.4,4,5,1.25
42,0.5,1,1,1.0
42,0.6,4,4,1.0
42,0.7,0,0,-1.0
42,0.8,0,0,-1.0
42,0.9,0,0,-1.0
42,1.0,0,0,-1.0
43,0.1,2,2,1.0
43,0.2,4,4,1.0
43,0.3,2,2,1.0
43,0.4,2,2,1.0
43,0.5,1,1,1.0
43,0.6,2,12,6.0
43,0.7,0,0,-1.0
43,0.8,2,2,1.0
43,0.9,0,0,-1.0
43,1.0,0,0,-1.0
44,0.1,1,1,1.0
44,0.2,4,4,1.0
44,0.3,7,7,1.0
44,0.4,6,6,1.0
44,0.5,1,1,1.0
44,0.6,1,1,1.0
44,0.7,0,0,-1.0
44,0.8,0,0,-1.0
44,0.9,0,0,-1.0
44,1.0,0,0,-1.0
45,0.1,6,6,1.0
45,0.2,4,4,1.0
45,0.3,0,0,-1.0
45,0.4,1,1,1.0
45,0.5,3,4,1.3333333333333333
45,0.6,3,3,1.0
45,0.7,3,3,1.0
45,0.8,2,2,1.0
45,0.9,0,0,-1.0
45,1.0,0,0,-1.0
46,0.1,12,12,1.0
46,0.2,11,11,1.0
46,0.3,4,4,1.0
46,0.4,7,7,1.0
46,0.5,4,4,1.0
46,0.6,1,1,1.0
46,0.7,1,1,1.0
46,0.8,0,0,-1.0
46,0.9,0,0,-1.0
46,1.0,0,0,-1.0
47,0.1,8,8,1.0
47,0.2,5,5,1.0
47,0.3,4,5,1.25
47,0.4,0,0,-1.0
47,0.5,1,1,1.0
47,0.6,1,1,1.0
47,0.7,2,6,3.0
47,0.8,1,4,4.0
47,0.9,0,0,-1.0
47,1.0,0,0,-1.0
48,0.1,4,6,1.5
48,0.2,1,1,1.0
48,0.3,4,4,1.0
48,0.4,1,1,1.0
48,0.5,0,0,-1.0
48,0.6,2,5,2.5
48,0.7,1,1,1.0
48,0.8,0,0,-1.0
48,0.9,0,0,-1.0
48,1.0,0,0,-1.0
49,0.1,6,6,1.0
49,0.2,5,5,1.0
49,0.3,0,0,-1.0
49,0.4,3,4,1.3333333333333333
49,0.5,1,1,1.0
49,0.6,2,2,1.0
49,0.7,2,2,1.0
49,0.8,0,0,-1.0
49,0.9,0,0,-1.0
49,1.0,0,0,-1.0
50,0.1,11,11,1.0
50,0.2,9,10,1.1111111111111112
50,0.3,7,7,1.0
50,0.4,3,5,1.6666666666666667
50,0.5,0,0,-1.0
50,0.6,1,3,3.0
50,0.7,0,0,-1.0
50,0.8,1,1,1.0
50,0.9,0,0,-1.0
50,1.0,0,0,-1.0
51,0.1,5,6,1.2
51,0.2,3,3,1.0
51,0.3,2,2,1.0
51,0.4,0,0,-1.0
51,0.5,0,0,-1.0
51,0.6,1,1,1.0
51,0.7,5,5,1.0
51,0.8,4,4,1.0
51,0.9,0,0,-1.0
51,1.0,0,0,-1.0
52,0.1,11,11,1.0
52,0.2,10,10,1.0
52,0.3,5,5,1.0
52,0.4,3,3,1.0
52,0.5,5,5,1.0
52,0.6,1,2,2.0
52,0.7,2,3,1.5
52,0.8,0,0,-1.0
52,0.9,0,0,-1.0
52,1.0,0,0,-1.0
53,0.1,5,5,1.0
53,0.2,9,9,1.0
53,0.3,1,1,1.0
53,0.4,4,5,1.25
53,0.5,1,1,1.0
53,0.6,0,0,-1.0
53,0.7,0,0,-1.0
53,0.8,0,0,-1.0
53,0.9,0,0,-1.0
53,1.0,0,0,-1.0
54,0.1,9,9,1.0
54,0.2,1,1,1.0
54,0.3,3,3,1.0
54,0.4,5,5,1.0
54,0.5,1,1,1.0
54,0.6,2,2,1.0
54,0.7,1,1,1.0
54,0.8,3,3,1.0
54,0.9,0,0,-1.0
54,1.0,0,0,-1.0
55,0.1,7,7,1.0
55,0.2,5,5,1.0
55,0.3,6,6,1.0
55,0.4,0,0,-1.0
55,0.5,1,1,1.0
55,0.6,0,0,-1.0
55,0.7,1,1,1.0
55,0.8,0,0,-1.0
55,0.9,0,0,-1.0
55,1.0,0,0,-1.0
56,0.1,17,17,1.0
56,0.2,15,15,1.0
56,0.3,2,2,1.0
56,0.4,3,3,1.0
56,0.5,3,5,1.6666666666666667
56,0.6,0,0,-1.0
56,0.7,1,1,1.0
56,0.8,0,0,-1.0
56,0.9,0,0,-1.0
56,1.0,0,0,-1.0
57,0.1,6,6,1.0
57,0.2,5,5,1.0
57,0.3,9,10,1.1111111111111112
57,0.4,1,1,1.0
57,0.5,1,1,1.0
57,0.6,1,1,1.0
57,0.7,0,0,-1.0
57,0.8,0,0,-1.0
57,0.9,0,0,-1.0
57,1.0,0,0,-1.0
58,0.1,15,15,1.0
58,0.2,9,9,1.0
58,0.3,4,5,1.25
58,0.4,4,4,1.0
58,0.5,0,0,-1.0
58,0.6,0,0,-1.0
58,0.7,0,0,-1.0
58,0.8,0,0,-1.0
58,0.9,0,0,-1.0
58,1.0,0,0,-1.0
59,0.1,12,12,1.0
59,0.2,11,12,1.0909090909090908
59,0.3,11,11,1.0
59,0.4,13,13,1.0
59,0.5,2,2,1.0
59,0.6,1,1,1.0
59,0.7,1,1,1.0
59,0.8,0,0,-1.0
59,0.9,0,0,-1.0
59,1.0,0,0,-1.0
60,0.1,12,12,1.0
60,0.2,5,5,1.0
60,0.3,5,5,1.0
60,0.4,7,7,1.0
60,0.5,0,0,-1.0
60,0.6,3,4,1.3333333333333333
60,0.7,3,3,1.0
60,0.8,1,1,1.0
60,0.9,1,3,3.0
60,1.0,0,0,-1.0
61,0.1,14,14,1.0
61,0.2,10,10,1.0
61,0.3,10,10,1.0
61,0.4,4,4,1.0
61,0.5,1,1,1.0
61,0.6,1,1,1.0
61,0.7,0,0,-1.0
61,0.8,0,0,-1.0
61,0.9,0,0,-1.0
61,1.0,0,0,-1.0
62,0.1,13,13,1.0
62,0.2,12,13,1.0833333333333333
62,0.3,5,5,1.0
62,0.4,3,3,1.0
62,0.5,1,1,1.0
62,0.6,3,3,1.0
62,0.7,0,0,-1.0
62,0.8,0,0,-1.0
62,0.9,0,0,-1.0
62,1.0,0,0,-1.0
63,0.1,3,3,1.0
63,0.2,1,1,1.0
63,0.3,0,0,-1.0
63,0.4,1,1,1.0
63,0.5,1,1,1.0
63,0.6,0,0,-1.0
63,0.7,1,1,1.0
63,0.8,1,1,1.0
63,0.9,0,0,-1.0
63,1.0,0,0,-1.0
64,0.1,4,4,1.0
64,0.2,1,1,1.0
64,0.3,1,1,1.0
64,0.4,0,0,-1.0
64,0.5,2,2,1.0
64,0.6,1,1,1.0
64,0.7,1,1,1.0
64,0.8,1,1,1.0
64,0.9,1,3,3.0
64,1.0,0,0,-1.0
65,0.1,7,7,1.0
65,0.2,5,5,1.0
65,0.3,5,5,1.0
65,0.4,4,6,1.5
65,0.5,2,2,1.0
65,0.6,0,0,-1.0
65,0.7,1,1,1.0
65,0.8,0,0,-1.0
65,0.9,0,0,-1.0
65,1.0,0,0,-1.0
66,0.1,4,4,1.0
66,0.2,7,7,1.0
66,0.3,6,7,1.1666666666666667
66,0.4,9,13,1.4444444444444444
66,0.5,1,1,1.0
66,0.6,2,5,2.5
66,0.7,1,1,1.0
66,0.8,0,0,-1.0
66,0.9,0,0,-1.0
66,1.0,0,0,-1.0
67,0.1,0,0,-1.0
67,0.2,1,1,1.0
67,0.3,2,2,1.0
67,0.4,6,6,1.0
67,0.5,1,1,1.0
67,0.6,1,1,1.0
67,0.7,1,1,1.0
67,0.8,1,1,1.0
67,0.9,2,2,1.0
67,1.0,0,0,-1.0
68,0.1,5,5,1.0
68,0.2,4,4,1.0
68,0.3,0,0,-1.0
68,0.4,0,0,-1.0
68,0.5,0,0,-1.0
68,0.6,0,0,-1.0
68,0.7,0,0,-1.0
68,0.8,1,1,1.0
68,0.9,0,0,-1.0
68,1.0,0,0,-1.0
69,0.1,8,8,1.0
69,0.2,7,7,1.0
69,0.3,7,7,1.0
69,0.4,1,1,1.0
69,0.5,0,0,-1.0
69,0.6,1,1,1.0
69,0.7,0,0,-1.0
69,0.8,1,2,2.0
69,0.9,0,0,-1.0
69,1.0,0,0,-1.0
70,0.1,9,9,1.0
70,0.2,4,4,1.0
70,0.3,10,12,1.2
70,0.4,3,3,1.0
70,0.5,1,9,9.0
70,0.6,1,1,1.0
70,0.7,1,1,1.0
70,0.8,1,1,1.0
70,0.9,1,1,1.0
70,1.0,0,0,-1.0
71,0.1,11,12,1.0909090909090908
71,0.2,5,5,1.0
71,0.3,3,3,1.0
71,0.4,2,2,1.0
71,0.5,3,3,1.0
71,0.6,1,1,1.0
71,0.7,4,4,1.0
71,0.8,3,3,1.0
71,0.9,1,1,1.0
71,1.0,0,0,-1.0
72,0.1,8,8,1.0
72,0.2,5,5,1.0
72,0.3,2,2,1.0
72,0.4,1,1,1.0
72,0.5,2,2,1.0
72,0.6,1,1,1.0
72,0.7,1,1,1.0
72,0.8,0,0,-1.0
72,0.9,0,0,-1.0
72,1.0,0,0,-1.0
73,0.1,21,21,1.0
73,0.2,8,10,1.25
73,0.3,11,11,1.0
73,0.4,10,12,1.2
73,0.5,4,4,1.0
73,0.6,2,2,1.0
73,0.7,0,0,-1.0
73,0.8,0,0,-1.0
73,0.9,0,0,-1.0
73,1.0,0,0,-1.0
74,0.1,14,14,1.0
74,0.2,6,6,1.0
74,0.3,5,5,1.0
74,0.4,4,5,1.25
74,0.5,2,2,1.0
74,0.6,1,1,1.0
74,0.7,0,0,-1.0
74,0.8,0,0,-1.0
74,0.9,0,0,-1.0
74,1.0,0,0,-1.0
75,0.1,0,0,-1.0
75,0.2,0,0,-1.0
75,0.3,0,0,-1.0
75,0.4,0,0,-1.0
75,0.5,1,1,1.0
75,0.6,1,1,1.0
75,0.7,2,2,1.0
75,0.8,4,4,1.0
75,0.9,0,0,-1.0
75,1.0,0,0,-1.0
76,0.1,10,10,1.0
76,0.2,4,4,1.0
76,0.3,13,13,1.0
76,0.4,4,4,1.0
76,0.5,3,3,1.0
76,0.6,0,0,-1.0
76,0.7,0,0,-1.0
76,0.8,0,0,-1.0
76,0.9,0,0,-1.0
76,1.0,0,0,-1.0
77,0.1,16,16,1.0
77,0.2,5,5,1.0
77,0.3,15,15,1.0
77,0.4,5,5,1.0
77,0.5,3,3,1.0
77,0.6,1,1,1.0
77,0.7,0,0,-1.0
77,0.8,0,0,-1.0
77,0.9,1,1,1.0
77,1.0,0,0,-1.0
78,0.1,9,9,1.0
78,0.2,3,3,1.0
78,0.3,6,7,1.1666666666666667
78,0.4,4,4,1.0
78,0.5,2,2,1.0
78,0.6,2,2,1.0
78,0.7,1,1,1.0
78,0.8,0,0,-1.0
78,0.9,0,0,-1.0
78,1.0,0,0,-1.0
79,0.1,2,2,1.0
79,0.2,3,3,1.0
79,0.3,2,2,1.0
79,0.4,6,6,1.0
79,0.5,1,1,1.0
79,0.6,5,5,1.0
79,0.7,1,1,1.0
79,0.8,0,0,-1.0
79,0.9,0,0,-1.0
79,1.0,0,0,-1.0
81,0.1,10,10,1.0
81,0.2,5,5,1.0
81,0.3,4,4,1.0
81,0.4,1,1,1.0
81,0.5,1,1,1.0
81,0.6,2,18,9.0
81,0.7,0,0,-1.0
81,0.8,0,0,-1.0
81,0.9,0,0,-1.0
81,1.0,1,1,1.0
82,0.1,6,6,1.0
82,0.2,4,4,1.0
82,0.3,3,3,1.0
82,0.4,2,3,1.5
82,0.5,2,3,1.5
82,0.6,1,1,1.0
82,0.7,0,0,-1.0
82,0.8,0,0,-1.0
82,0.9,0,0,-1.0
82,1.0,0,0,-1.0
83,0.1,13,13,1.0
83,0.2,14,15,1.0714285714285714
83,0.3,3,3,1.0
83,0.4,9,9,1.0
83,0.5,1,1,1.0
83,0.6,2,2,1.0
83,0.7,0,0,-1.0
83,0.8,1,1,1.0
83,0.9,0,0,-1.0
83,1.0,0,0,-1.0
84,0.1,5,5,1.0
84,0.2,8,8,1.0
84,0.3,4,4,1.0
84,0.4,1,1,1.0
84,0.5,3,3,1.0
84,0.6,0,0,-1.0
84,0.7,0,0,-1.0
84,0.8,0,0,-1.0
84,0.9,0,0,-1.0
84,1.0,0,0,-1.0
85,0.1,7,7,1.0
85,0.2,4,4,1.0
85,0.3,2,2,1.0
85,0.4,1,1,1.0
85,0.5,0,0,-1.0
85,0.6,1,1,1.0
85,0.7,1,3,3.0
85,0.8,0,0,-1.0
85,0.9,1,2,2.0
85,1.0,0,0,-1.0
86,0.1,8,8,1.0
86,0.2,4,4,1.0
86,0.3,2,2,1.0
86,0.4,3,4,1.3333333333333333
86,0.5,2,2,1.0
86,0.6,1,1,1.0
86,0.7,0,0,-1.0
86,0.8,0,0,-1.0
86,0.9,0,0,-1.0
86,1.0,0,0,-1.0
87,0.1,9,9,1.0
87,0.2,6,6,1.0
87,0.3,9,10,1.1111111111111112
87,0.4,5,5,1.0
87,0.5,4,4,1.0
87,0.6,1,2,2.0
87,0.7,1,1,1.0
87,0.8,0,0,-1.0
87,0.9,0,0,-1.0
87,1.0,0,0,-1.0
88,0.1,0,0,-1.0
88,0.2,0,0,-1.0
88,0.3,0,0,-1.0
88,0.4,0,0,-1.0
88,0.5,0,0,-1.0
88,0.6,1,1,1.0
88,0.7,3,3,1.0
88,0.8,2,2,1.0
88,0.9,0,0,-1.0
88,1.0,0,0,-1.0
89,0.1,20,20,1.0
89,0.2,5,5,1.0
89,0.3,6,6,1.0
89,0.4,3,3,1.0
89,0.5,1,1,1.0
89,0.6,0,0,-1.0
89,0.7,3,3,1.0
89,0.8,0,0,-1.0
89,0.9,0,0,-1.0
89,1.0,0,0,-1.0
90,0.1,6,6,1.0
90,0.2,5,6,1.2
90,0.3,1,1,1.0
90,0.4,2,2,1.0
90,0.5,0,0,-1.0
90,0.6,1,1,1.0
90,0.7,0,0,-1.0
90,0.8,3,3,1.0
90,0.9,0,0,-1.0
90,1.0,0,0,-1.0
91,0.1,21,21,1.0
91,0.2,6,6,1.0
91,0.3,3,3,1.0
91,0.4,1,1,1.0
91,0.5,4,4,1.0
91,0.6,1,2,2.0
91,0.7,2,2,1.0
91,0.8,0,0,-1.0
91,0.9,0,0,-1.0
91,1.0,0,0,-1.0
92,0.1,5,5,1.0
92,0.2,6,6,1.0
92,0.3,4,4,1.0
92,0.4,3,3,1.0
92,0.5,1,1,1.0
92,0.6,1,1,1.0
92,0.7,0,0,-1.0
92,0.8,0,0,-1.0
92,0.9,0,0,-1.0
92,1.0,0,0,-1.0
93,0.1,8,9,1.125
93,0.2,4,4,1.0
93,0.3,4,4,1.0
93,0.4,2,2,1.0
93,0.5,0,0,-1.0
93,0.6,1,1,1.0
93,0.7,0,0,-1.0
93,0.8,0,0,-1.0
93,0.9,0,0,-1.0
93,1.0,0,0,-1.0
94,0.1,22,22,1.0
94,0.2,6,6,1.0
94,0.3,7,7,1.0
94,0.4,5,5,1.0
94,0.5,0,0,-1.0
94,0.6,0,0,-1.0
94,0.7,0,0,-1.0
94,0.8,0,0,-1.0
94,0.9,0,0,-1.0
94,1.0,0,0,-1.0
95,0.1,3,3,1.0
95,0.2,5,5,1.0
95,0.3,8,9,1.125
95,0.4,2,2,1.0
95,0.5,1,1,1.0
95,0.6,0,0,-1.0
95,0.7,0,0,-1.0
95,0.8,0,0,-1.0
95,0.9,0,0,-1.0
95,1.0,0,0,-1.0
96,0.1,7,7,1.0
96,0.2,1,2,2.0
96,0.3,2,2,1.0
96,0.4,3,3,1.0
96,0.5,0,0,-1.0
96,0.6,0,0,-1.0
96,0.7,1,6,6.0
96,0.8,0,0,-1.0
96,0.9,0,0,-1.0
96,1.0,0,0,-1.0
97,0.1,23,23,1.0
97,0.2,5,5,1.0
97,0.3,6,6,1.0
97,0.4,1,1,1.0
97,0.5,0,0,-1.0
97,0.6,1,1,1.0
97,0.7,0,0,-1.0
97,0.8,0,0,-1.0
97,0.9,0,0,-1.0
97,1.0,0,0,-1.0
98,0.1,13,13,1.0
98,0.2,7,7,1.0
98,0.3,7,8,1.1428571428571428
98,0.4,4,4,1.0
98,0.5,1,4,4.0
98,0.6,0,0,-1.0
98,0.7,0,0,-1.0
98,0.8,0,0,-1.0
98,0.9,0,0,-1.0
98,1.0,0,0,-1.0
99,0.1,10,10,1.0
99,0.2,7,7,1.0
99,0.3,5,5,1.0
99,0.4,1,2,2.0
99,0.5,1,3,3.0
99,0.6,0,0,-1.0
99,0.7,0,0,-1.0
99,0.8,0,0,-1.0
99,0.9,0,0,-1.0
99,1.0,0,0,-1.0
100,0.1,9,9,1.0
100,0.2,6,9,1.5
100,0.3,7,8,1.1428571428571428
100,0.4,2,3,1.5
100,0.5,4,4,1.0
100,0.6,3,5,1.6666666666666667
100,0.7,0,0,-1.0
100,0.8,0,0,-1.0
100,0.9,0,0,-1.0
100,1.0,0,0,-1.0
101,0.1,15,15,1.0
101,0.2,9,9,1.0
101,0.3,3,3,1.0
101,0.4,2,2,1.0
101,0.5,2,2,1.0
101,0.6,0,0,-1.0
101,0.7,0,0,-1.0
101,0.8,1,1,1.0
101,0.9,0,0,-1.0
101,1.0,0,0,-1.0
102,0.1,4,4,1.0
102,0.2,5,5,1.0
102,0.3,3,3,1.0
102,0.4,4,6,1.5
102,0.5,2,2,1.0
102,0.6,0,0,-1.0
102,0.7,0,0,-1.0
102,0.8,1,13,13.0
102,0.9,0,0,-1.0
102,1.0,0,0,-1.0
103,0.1,1,1,1.0
103,0.2,5,5,1.0
103,0.3,7,7,1.0
103,0.4,3,3,1.0
103,0.5,3,3,1.0
103,0.6,1,1,1.0
103,0.7,0,0,-1.0
103,0.8,0,0,-1.0
103,0.9,0,0,-1.0
103,1.0,0,0,-1.0
104,0.1,12,12,1.0
104,0.2,3,3,1.0
104,0.3,1,1,1.0
104,0.4,2,2,1.0
104,0.5,0,0,-1.0
104,0.6,1,2,2.0
104,0.7,0,0,-1.0
104,0.8,0,0,-1.0
104,0.9,0,0,-1.0
104,1.0,0,0,-1.0
105,0.1,7,7,1.0
105,0.2,11,12,1.0909090909090908
105,0.3,2,2,1.0
105,0.4,9,9,1.0
105,0.5,3,3,1.0
105,0.6,2,3,1.5
105,0.7,0,0,-1.0
105,0.8,1,4,4.0
105,0.9,0,0,-1.0
105,1.0,0,0,-1.0
106,0.1,9,9,1.0
106,0.2,7,7,1.0
106,0.3,7,7,1.0
106,0.4,5,5,1.0
106,0.5,3,6,2.0
106,0.6,0,0,-1.0
106,0.7,0,0,-1.0
106,0.8,0,0,-1.0
106,0.9,0,0,-1.0
106,1.0,0,0,-1.0
107,0.1,21,21,1.0
107,0.2,6,6,1.0
107,0.3,8,8,1.0
107,0.4,1,1,1.0
107,0.5,1,1,1.0
107,0.6,1,1,1.0
107,0.7,0,0,-1.0
107,0.8,0,0,-1.0
107,0.9,0,0,-1.0
107,1.0,0,0,-1.0
108,0.1,5,5,1.0
108,0.2,3,3,1.0
108,0.3,5,5,1.0
108,0.4,3,3,1.0
108,0.5,2,3,1.5
108,0.6,1,1,1.0
108,0.7,0,0,-1.0
108,0.8,0,0,-1.0
108,0.9,0,0,-1.0
108,1.0,0,0,-1.0
109,0.1,2,2,1.0
109,0.2,1,1,1.0
109,0.3,5,5,1.0
109,0.4,3,6,2.0
109,0.5,2,2,1.0
109,0.6,0,0,-1.0
109,0.7,1,4,4.0
109,0.8,0,0,-1.0
109,0.9,0,0,-1.0
109,1.0,0,0,-1.0
110,0.1,13,13,1.0
110,0.2,9,9,1.0
110,0.3,3,3,1.0
110,0.4,1,1,1.0
110,0.5,2,4,2.0
110,0.6,0,0,-1.0
110,0.7,0,0,-1.0
110,0.8,0,0,-1.0
110,0.9,0,0,-1.0
110,1.0,0,0,-1.0
111,0.1,9,9,1.0
111,0.2,11,11,1.0
111,0.3,5,5,1.0
111,0.4,2,2,1.0
111,0.5,4,4,1.0
111,0.6,2,2,1.0
111,0.7,1,1,1.0
111,0.8,4,5,1.25
111,0.9,0,0,-1.0
111,1.0,0,0,-1.0
112,0.1,21,21,1.0
112,0.2,13,13,1.0
112,0.3,2,2,1.0
112,0.4,3,3,1.0
112,0.5,1,1,1.0
112,0.6,0,0,-1.0
112,0.7,0,0,-1.0
112,0.8,0,0,-1.0
112,0.9,0,0,-1.0
112,1.0,0,0,-1.0
113,0.1,7,7,1.0
113,0.2,5,5,1.0
113,0.3,5,6,1.2
113,0.4,1,1,1.0
113,0.5,1,1,1.0
113,0.6,0,0,-1.0
113,0.7,0,0,-1.0
113,0.8,0,0,-1.0
113,0.9,0,0,-1.0
113,1.0,0,0,-1.0
114,0.1,12,12,1.0
114,0.2,9,9,1.0
114,0.3,2,2,1.0
114,0.4,2,2,1.0
114,0.5,1,1,1.0
114,0.6,0,0,-1.0
114,0.7,0,0,-1.0
114,0.8,0,0,-1.0
114,0.9,0,0,-1.0
114,1.0,0,0,-1.0
115,0.1,16,16,1.0
115,0.2,8,9,1.125
115,0.3,4,4,1.0
115,0.4,6,7,1.1666666666666667
115,0.5,1,1,1.0
115,0.6,0,0,-1.0
115,0.7,0,0,-1.0
115,0.8,0,0,-1.0
115,0.9,0,0,-1.0
115,1.0,0,0,-1.0
116,0.1,6,8,1.3333333333333333
116,0.2,8,8,1.0
116,0.3,10,10,1.0
116,0.4,8,12,1.5
116,0.5,4,6,1.5
116,0.6,1,1,1.0
116,0.7,1,1,1.0
116,0.8,0,0,-1.0
116,0.9,0,0,-1.0
116,1.0,0,0,-1.0
117,0.1,1,1,1.0
117,0.2,5,6,1.2
117,0.3,6,6,1.0
117,0.4,4,4,1.0
117,0.5,0,0,-1.0
117,0.6,1,1,1.0
117,0.7,1,2,2.0
117,0.8,0,0,-1.0
117,0.9,0,0,-1.0
117,1.0,0,0,-1.0
118,0.1,15,15,1.0
118,0.2,16,16,1.0
118,0.3,7,7,1.0
118,0.4,6,16,2.6666666666666665
118,0.5,7,9,1.2857142857142858
118,0.6,2,2,1.0
118,0.7,5,7,1.4
118,0.8,0,0,-1.0
118,0.9,0,0,-1.0
118,1.0,0,0,-1.0
119,0.1,7,7,1.0
119,0.2,15,15,1.0
119,0.3,8,11,1.375
119,0.4,7,7,1.0
119,0.5,3,3,1.0
119,0.6,1,1,1.0
119,0.7,0,0,-1.0
119,0.8,0,0,-1.0
119,0.9,0,0,-1.0
119,1.0,0,0,-1.0
120,0.1,17,19,1.1176470588235294
120,0.2,22,23,1.0454545454545454
120,0.3,8,11,1.375
120,0.4,8,8,1.0
120,0.5,7,7,1.0
120,0.6,5,5,1.0
120,0.7,4,6,1.5
120,0.8,0,0,-1.0
120,0.9,1,1,1.0
120,1.0,0,0,-1.0
121,0.1,3,4,1.3333333333333333
121,0.2,3,3,1.0
121,0.3,4,5,1.25
121,0.4,5,6,1.2
121,0.5,1,1,1.0
121,0.6,1,1,1.0
121,0.7,0,0,-1.0
121,0.8,0,0,-1.0
121,0.9,0,0,-1.0
121,1.0,0,0,-1.0
122,0.1,15,17,1.1333333333333333
122,0.2,15,15,1.0
122,0.3,17,18,1.0588235294117647
122,0.4,14,15,1.0714285714285714
122,0.5,10,13,1.3
122,0.6,4,5,1.25
122,0.7,4,4,1.0
122,0.8,0,0,-1.0
122,0.9,2,3,1.5
122,1.0,0,0,-1.0
123,0.1,10,10,1.0
123,0.2,11,11,1.0
123,0.3,8,8,1.0
123,0.4,3,3,1.0
123,0.5,3,3,1.0
123,0.6,2,2,1.0
123,0.7,2,2,1.0
123,0.8,0,0,-1.0
123,0.9,1,1,1.0
123,1.0,0,0,-1.0
124,0.1,6,6,1.0
124,0.2,5,5,1.0
124,0.3,3,3,1.0
124,0.4,3,3,1.0
124,0.5,1,2,2.0
124,0.6,1,1,1.0
124,0.7,1,1,1.0
124,0.8,0,0,-1.0
124,0.9,0,0,-1.0
124,1.0,0,0,-1.0
125,0.1,8,8,1.0
125,0.2,11,13,1.1818181818181819
125,0.3,4,5,1.25
125,0.4,10,13,1.3
125,0.5,4,8,2.0
125,0.6,0,0,-1.0
125,0.7,1,1,1.0
125,0.8,1,2,2.0
125,0.9,0,0,-1.0
125,1.0,0,0,-1.0
126,0.1,23,25,1.0869565217391304
126,0.2,18,20,1.1111111111111112
126,0.3,13,13,1.0
126,0.4,9,12,1.3333333333333333
126,0.5,4,5,1.25
126,0.6,4,5,1.25
126,0.7,0,0,-1.0
126,0.8,0,0,-1.0
126,0.9,0,0,-1.0
126,1.0,0,0,-1.0
127,0.1,21,21,1.0
127,0.2,29,30,1.0344827586206897
127,0.3,22,23,1.0454545454545454
127,0.4,24,27,1.125
127,0.5,10,14,1.4
127,0.6,2,2,1.0
127,0.7,0,0,-1.0
127,0.8,0,0,-1.0
127,0.9,0,0,-1.0
127,1.0,0,0,-1.0
128,0.1,26,26,1.0
128,0.2,22,25,1.1363636363636365
128,0.3,12,12,1.0
128,0.4,3,3,1.0
128,0.5,4,7,1.75
128,0.6,1,1,1.0
128,0.7,3,3,1.0
128,0.8,0,0,-1.0
128,0.9,1,1,1.0
128,1.0,0,0,-1.0
129,0.1,17,17,1.0
129,0.2,17,18,1.0588235294117647
129,0.3,12,13,1.0833333333333333
129,0.4,14,27,1.9285714285714286
129,0.5,6,6,1.0
129,0.6,1,1,1.0
129,0.7,4,5,1.25
129,0.8,1,1,1.0
129,0.9,0,0,-1.0
129,1.0,0,0,-1.0
130,0.1,11,11,1.0
130,0.2,10,11,1.1
130,0.3,8,11,1.375
130,0.4,2,2,1.0
130,0.5,5,5,1.0
130,0.6,2,2,1.0
130,0.7,0,0,-1.0
130,0.8,0,0,-1.0
130,0.9,0,0,-1.0
130,1.0,0,0,-1.0
131,0.1,5,5,1.0
131,0.2,10,10,1.0
131,0.3,15,15,1.0
131,0.4,15,15,1.0
131,0.5,4,4,1.0
131,0.6,0,0,-1.0
131,0.7,1,5,5.0
131,0.8,0,0,-1.0
131,0.9,0,0,-1.0
131,1.0,0,0,-1.0
132,0.1,9,9,1.0
132,0.2,8,9,1.125
132,0.3,10,13,1.3
132,0.4,11,16,1.4545454545454546
132,0.5,3,3,1.0
132,0.6,0,0,-1.0
132,0.7,0,0,-1.0
132,0.8,0,0,-1.0
132,0.9,0,0,-1.0
132,1.0,0,0,-1.0
133,0.1,16,17,1.0625
133,0.2,15,16,1.0666666666666667
133,0.3,12,12,1.0
133,0.4,7,7,1.0
133,0.5,8,11,1.375
133,0.6,1,5,5.0
133,0.7,1,9,9.0
133,0.8,0,0,-1.0
133,0.9,0,0,-1.0
133,1.0,0,0,-1.0
134,0.1,10,10,1.0
134,0.2,20,20,1.0
134,0.3,19,19,1.0
134,0.4,16,20,1.25
134,0.5,8,9,1.125
134,0.6,3,5,1.6666666666666667
134,0.7,3,4,1.3333333333333333
134,0.8,2,2,1.0
134,0.9,0,0,-1.0
134,1.0,0,0,-1.0
135,0.1,19,23,1.2105263157894737
135,0.2,13,13,1.0
135,0.3,7,7,1.0
135,0.4,4,4,1.0
135,0.5,1,1,1.0
135,0.6,3,3,1.0
135,0.7,2,2,1.0
135,0.8,0,0,-1.0
135,0.9,1,1,1.0
135,1.0,0,0,-1.0
136,0.1,6,6,1.0
136,0.2,8,8,1.0
136,0.3,1,1,1.0
136,0.4,4,4,1.0
136,0.5,2,2,1.0
136,0.6,1,4,4.0
136,0.7,0,0,-1.0
136,0.8,0,0,-1.0
136,0.9,0,0,-1.0
136,1.0,0,0,-1.0
137,0.1,31,33,1.064516129032258
137,0.2,8,8,1.0
137,0.3,5,5,1.0
137,0.4,9,9,1.0
137,0.5,1,1,1.0
137,0.6,0,0,-1.0
137,0.7,0,0,-1.0
137,0.8,0,0,-1.0
137,0.9,0,0,-1.0
137,1.0,0,0,-1.0
138,0.1,3,3,1.0
138,0.2,9,11,1.2222222222222223
138,0.3,15,16,1.0666666666666667
138,0.4,6,8,1.3333333333333333
138,0.5,1,1,1.0
138,0.6,1,1,1.0
138,0.7,0,0,-1.0
138,0.8,0,0,-1.0
138,0.9,0,0,-1.0
138,1.0,0,0,-1.0
139,0.1,23,23,1.0
139,0.2,15,15,1.0
139,0.3,18,19,1.0555555555555556
139,0.4,14,14,1.0
139,0.5,4,4,1.0
139,0.6,2,3,1.5
139,0.7,0,0,-1.0
139,0.8,0,0,-1.0
139,0.9,1,1,1.0
139,1.0,0,0,-1.0
140,0.1,10,14,1.4
140,0.2,6,7,1.1666666666666667
140,0.3,9,10,1.1111111111111112
140,0.4,6,6,1.0
140,0.5,3,5,1.6666666666666667
140,0.6,0,0,-1.0
140,0.7,0,0,-1.0
140,0.8,0,0,-1.0
140,0.9,0,0,-1.0
140,1.0,0,0,-1.0
141,0.1,4,4,1.0
141,0.2,3,3,1.0
141,0.3,2,2,1.0
141,0.4,1,1,1.0
141,0.5,2,4,2.0
141,0.6,1,7,7.0
141,0.7,0,0,-1.0
141,0.8,0,0,-1.0
141,0.9,0,0,-1.0
141,1.0,0,0,-1.0
142,0.1,13,13,1.0
142,0.2,6,8,1.3333333333333333
142,0.3,16,17,1.0625
142,0.4,12,13,1.0833333333333333
142,0.5,2,2,1.0
142,0.6,3,5,1.6666666666666667
142,0.7,2,2,1.0
142,0.8,0,0,-1.0
142,0.9,0,0,-1.0
142,1.0,0,0,-1.0
143,0.1,15,15,1.0
143,0.2,17,17,1.0
143,0.3,13,15,1.1538461538461537
143,0.4,14,16,1.1428571428571428
143,0.5,7,8,1.1428571428571428
143,0.6,1,5,5.0
143,0.7,1,2,2.0
143,0.8,0,0,-1.0
143,0.9,1,2,2.0
143,1.0,0,0,-1.0
144,0.1,8,8,1.0
144,0.2,14,15,1.0714285714285714
144,0.3,7,7,1.0
144,0.4,9,9,1.0
144,0.5,3,4,1.3333333333333333
144,0.6,0,0,-1.0
144,0.7,0,0,-1.0
144,0.8,0,0,-1.0
144,0.9,0,0,-1.0
144,1.0,0,0,-1.0
145,0.1,7,9,1.2857142857142858
145,0.2,4,5,1.25
145,0.3,4,20,5.0
145,0.4,2,2,1.0
145,0.5,1,1,1.0
145,0.6,0,0,-1.0
145,0.7,1,2,2.0
145,0.8,0,0,-1.0
145,0.9,1,1,1.0
145,1.0,0,0,-1.0
146,0.1,8,9,1.125
146,0.2,10,11,1.1
146,0.3,13,16,1.2307692307692308
146,0.4,6,8,1.3333333333333333
146,0.5,11,17,1.5454545454545454
146,0.6,0,0,-1.0
146,0.7,1,2,2.0
146,0.8,0,0,-1.0
146,0.9,0,0,-1.0
146,1.0,0,0,-1.0
147,0.1,5,5,1.0
147,0.2,9,9,1.0
147,0.3,4,4,1.0
147,0.4,3,3,1.0
147,0.5,2,8,4.0
147,0.6,1,2,2.0
147,0.7,0,0,-1.0
147,0.8,0,0,-1.0
147,0.9,0,0,-1.0
147,1.0,0,0,-1.0
148,0.1,6,6,1.0
148,0.2,9,9,1.0
148,0.3,13,13,1.0
148,0.4,8,8,1.0
148,0.5,0,0,-1.0
148,0.6,1,1,1.0
148,0.7,1,1,1.0
148,0.8,0,0,-1.0
148,0.9,0,0,-1.0
148,1.0,0,0,-1.0
149,0.1,4,4,1.0
149,0.2,6,6,1.0
149,0.3,3,3,1.0
149,0.4,0,0,-1.0
149,0.5,2,2,1.0
149,0.6,2,3,1.5
149,0.7,1,1,1.0
149,0.8,0,0,-1.0
149,0.9,3,5,1.6666666666666667
149,1.0,0,0,-1.0
150,0.1,3,3,1.0
150,0.2,1,1,1.0
150,0.3,4,4,1.0
150,0.4,1,1,1.0
150,0.5,3,3,1.0
150,0.6,0,0,-1.0
150,0.7,2,4,2.0
150,0.8,0,0,-1.0
150,0.9,3,3,1.0
150,1.0,0,0,-1.0
151,0.1,6,6,1.0
151,0.2,2,2,1.0
151,0.3,6,6,1.0
151,0.4,4,4,1.0
151,0.5,2,2,1.0
151,0.6,0,0,-1.0
151,0.7,0,0,-1.0
151,0.8,0,0,-1.0
151,0.9,0,0,-1.0
151,1.0,0,0,-1.0
152,0.1,9,9,1.0
152,0.2,3,3,1.0
152,0.3,3,3,1.0
152,0.4,2,2,1.0
152,0.5,4,4,1.0
152,0.6,1,1,1.0
152,0.7,1,1,1.0
152,0.8,0,0,-1.0
152,0.9,0,0,-1.0
152,1.0,0,0,-1.0
153,0.1,12,15,1.25
153,0.2,7,7,1.0
153,0.3,8,10,1.25
153,0.4,4,4,1.0
153,0.5,6,8,1.3333333333333333
153,0.6,1,1,1.0
153,0.7,0,0,-1.0
153,0.8,0,0,-1.0
153,0.9,1,1,1.0
153,1.0,0,0,-1.0
154,0.1,6,6,1.0
154,0.2,8,8,1.0
154,0.3,3,8,2.6666666666666665
154,0.4,1,1,1.0
154,0.5,0,0,-1.0
154,0.6,1,1,1.0
154,0.7,0,0,-1.0
154,0.8,1,1,1.0
154,0.9,0,0,-1.0
154,1.0,0,0,-1.0
155,0.1,3,3,1.0
155,0.2,3,3,1.0
155,0.3,4,4,1.0
155,0.4,4,4,1.0
155,0.5,3,3,1.0
155,0.6,1,1,1.0
155,0.7,1,1,1.0
155,0.8,0,0,-1.0
155,0.9,1,1,1.0
155,1.0,0,0,-1.0
156,0.1,4,4,1.0
156,0.2,3,3,1.0
156,0.3,4,4,1.0
156,0.4,4,4,1.0
156,0.5,1,1,1.0
156,0.6,2,3,1.5
156,0.7,1,1,1.0
156,0.8,0,0,-1.0
156,0.9,0,0,-1.0
156,1.0,0,0,-1.0
157,0.1,32,32,1.0
157,0.2,21,22,1.0476190476190477
157,0.3,14,14,1.0
157,0.4,15,15,1.0
157,0.5,4,4,1.0
157,0.6,4,4,1.0
157,0.7,4,4,1.0
157,0.8,2,2,1.0
157,0.9,0,0,-1.0
157,1.0,0,0,-1.0
158,0.1,7,7,1.0
158,0.2,3,3,1.0
158,0.3,1,1,1.0
158,0.4,2,2,1.0
158,0.5,2,2,1.0
158,0.6,1,1,1.0
158,0.7,3,3,1.0
158,0.8,0,0,-1.0
158,0.9,1,1,1.0
158,1.0,0,0,-1.0
159,0.1,20,20,1.0
159,0.2,14,14,1.0
159,0.3,6,6,1.0
159,0.4,8,12,1.5
159,0.5,4,4,1.0
159,0.6,0,0,-1.0
159,0.7,2,2,1.0
159,0.8,0,0,-1.0
159,0.9,1,1,1.0
159,1.0,0,0,-1.0
160,0.1,12,13,1.0833333333333333
160,0.2,5,5,1.0
160,0.3,7,7,1.0
160,0.4,2,2,1.0
160,0.5,1,1,1.0
160,0.6,0,0,-1.0
160,0.7,2,3,1.5
160,0.8,0,0,-1.0
160,0.9,2,2,1.0
160,1.0,0,0,-1.0
161,0.1,9,9,1.0
161,0.2,8,9,1.125
161,0.3,5,5,1.0
161,0.4,9,9,1.0
161,0.5,1,1,1.0
161,0.6,1,1,1.0
161,0.7,1,1,1.0
161,0.8,0,0,-1.0
161,0.9,0,0,-1.0
161,1.0,0,0,-1.0
162,0.1,25,25,1.0
162,0.2,14,14,1.0
162,0.3,11,11,1.0
162,0.4,8,8,1.0
162,0.5,3,3,1.0
162,0.6,2,2,1.0
162,0.7,2,2,1.0
162,0.8,0,0,-1.0
162,0.9,0,0,-1.0
162,1.0,0,0,-1.0
163,0.1,10,10,1.0
163,0.2,6,7,1.1666666666666667
163,0.3,3,3,1.0
163,0.4,2,2,1.0
163,0.5,0,0,-1.0
163,0.6,1,1,1.0
163,0.7,1,1,1.0
163,0.8,1,1,1.0
163,0.9,1,1,1.0
163,1.0,0,0,-1.0
164,0.1,6,6,1.0
164,0.2,10,10,1.0
164,0.3,2,2,1.0
164,0.4,1,3,3.0
164,0.5,1,1,1.0
164,0.6,2,2,1.0
164,0.7,0,0,-1.0
164,0.8,0,0,-1.0
164,0.9,0,0,-1.0
164,1.0,0,0,-1.0
165,0.1,8,8,1.0
165,0.2,2,2,1.0
165,0.3,1,1,1.0
165,0.4,4,6,1.5
165,0.5,1,2,2.0
165,0.6,1,1,1.0
165,0.7,0,0,-1.0
165,0.8,0,0,-1.0
165,0.9,0,0,-1.0
165,1.0,0,0,-1.0
166,0.1,1,1,1.0
166,0.2,4,4,1.0
166,0.3,3,4,1.3333333333333333
166,0.4,4,4,1.0
166,0.5,4,4,1.0
166,0.6,0,0,-1.0
166,0.7,2,2,1.0
166,0.8,0,0,-1.0
166,0.9,1,1,1.0
166,1.0,0,0,-1.0
167,0.1,42,45,1.0714285714285714
167,0.2,32,34,1.0625
167,0.3,38,44,1.1578947368421053
167,0.4,21,28,1.3333333333333333
167,0.5,11,17,1.5454545454545454
167,0.6,2,13,6.5
167,0.7,5,8,1.6
167,0.8,0,0,-1.0
167,0.9,2,2,1.0
167,1.0,0,0,-1.0
168,0.1,15,15,1.0
168,0.2,6,6,1.0
168,0.3,7,7,1.0
168,0.4,1,1,1.0
168,0.5,6,8,1.3333333333333333
168,0.6,0,0,-1.0
168,0.7,1,1,1.0
168,0.8,0,0,-1.0
168,0.9,1,1,1.0
168,1.0,0,0,-1.0
169,0.1,5,5,1.0
169,0.2,8,8,1.0
169,0.3,8,8,1.0
169,0.4,9,9,1.0
169,0.5,4,4,1.0
169,0.6,1,1,1.0
169,0.7,1,2,2.0
169,0.8,1,1,1.0
169,0.9,1,1,1.0
169,1.0,0,0,-1.0
170,0.1,5,5,1.0
170,0.2,5,7,1.4
170,0.3,4,5,1.25
170,0.4,5,6,1.2
170,0.5,3,3,1.0
170,0.6,1,1,1.0
170,0.7,1,3,3.0
170,0.8,0,0,-1.0
170,0.9,0,0,-1.0
170,1.0,0,0,-1.0
171,0.1,33,34,1.0303030303030303
171,0.2,10,10,1.0
171,0.3,14,15,1.0714285714285714
171,0.4,10,13,1.3
171,0.5,4,4,1.0
171,0.6,0,0,-1.0
171,0.7,1,2,2.0
171,0.8,0,0,-1.0
171,0.9,0,0,-1.0
171,1.0,0,0,-1.0
172,0.1,16,20,1.25
172,0.2,5,5,1.0
172,0.3,7,7,1.0
172,0.4,6,6,1.0
172,0.5,4,10,2.5
172,0.6,2,2,1.0
172,0.7,0,0,-1.0
172,0.8,0,0,-1.0
172,0.9,0,0,-1.0
172,1.0,0,0,-1.0
173,0.1,3,3,1.0
173,0.2,7,21,3.0
173,0.3,8,8,1.0
173,0.4,5,6,1.2
173,0.5,1,1,1.0
173,0.6,1,1,1.0
173,0.7,0,0,-1.0
173,0.8,0,0,-1.0
173,0.9,0,0,-1.0
173,1.0,0,0,-1.0
174,0.1,8,8,1.0
174,0.2,7,7,1.0
174,0.3,9,13,1.4444444444444444
174,0.4,6,8,1.3333333333333333
174,0.5,3,3,1.0
174,0.6,1,1,1.0
174,0.7,0,0,-1.0
174,0.8,0,0,-1.0
174,0.9,0,0,-1.0
174,1.0,0,0,-1.0
175,0.1,13,14,1.0769230769230769
175,0.2,11,11,1.0
175,0.3,10,10,1.0
175,0.4,9,9,1.0
175,0.5,5,5,1.0
175,0.6,0,0,-1.0
175,0.7,1,2,2.0
175,0.8,0,0,-1.0
175,0.9,0,0,-1.0
175,1.0,0,0,-1.0
176,0.1,17,17,1.0
176,0.2,10,10,1.0
176,0.3,9,10,1.1111111111111112
176,0.4,5,5,1.0
176,0.5,4,4,1.0
176,0.6,1,1,1.0
176,0.7,1,1,1.0
176,0.8,0,0,-1.0
176,0.9,2,2,1.0
176,1.0,0,0,-1.0
177,0.1,8,8,1.0
177,0.2,7,7,1.0
177,0.3,8,9,1.125
177,0.4,4,4,1.0
177,0.5,4,5,1.25
177,0.6,2,2,1.0
177,0.7,2,3,1.5
177,0.8,0,0,-1.0
177,0.9,2,2,1.0
177,1.0,0,0,-1.0
178,0.1,17,20,1.1764705882352942
178,0.2,8,8,1.0
178,0.3,9,9,1.0
178,0.4,10,10,1.0
178,0.5,5,5,1.0
178,0.6,0,0,-1.0
178,0.7,3,5,1.6666666666666667
178,0.8,0,0,-1.0
178,0.9,1,1,1.0
178,1.0,0,0,-1.0
179,0.1,11,11,1.0
179,0.2,8,9,1.125
179,0.3,9,9,1.0
179,0.4,13,13,1.0
179,0.5,5,10,2.0
179,0.6,2,2,1.0
179,0.7,3,5,1.6666666666666667
179,0.8,0,0,-1.0
179,0.9,0,0,-1.0
179,1.0,0,0,-1.0
180,0.1,3,3,1.0
180,0.2,8,9,1.125
180,0.3,9,9,1.0
180,0.4,8,8,1.0
180,0.5,2,2,1.0
180,0.6,2,4,2.0
180,0.7,2,3,1.5
180,0.8,0,0,-1.0
180,0.9,1,1,1.0
180,1.0,0,0,-1.0
181,0.1,4,4,1.0
181,0.2,4,4,1.0
181,0.3,5,6,1.2
181,0.4,2,2,1.0
181,0.5,2,3,1.5
181,0.6,1,1,1.0
181,0.7,0,0,-1.0
181,0.8,0,0,-1.0
181,0.9,0,0,-1.0
181,1.0,0,0,-1.0
182,0.1,1,1,1.0
182,0.2,7,8,1.1428571428571428
182,0.3,7,7,1.0
182,0.4,6,7,1.1666666666666667
182,0.5,2,2,1.0
182,0.6,2,9,4.5
182,0.7,0,0,-1.0
182,0.8,0,0,-1.0
182,0.9,0,0,-1.0
182,1.0,0,0,-1.0
183,0.1,4,4,1.0
183,0.2,4,4,1.0
183,0.3,1,1,1.0
183,0.4,2,2,1.0
183,0.5,1,2,2.0
183,0.6,0,0,-1.0
183,0.7,0,0,-1.0
183,0.8,0,0,-1.0
183,0.9,0,0,-1.0
183,1.0,0,0,-1.0
184,0.1,9,9,1.0
184,0.2,5,6,1.2
184,0.3,8,9,1.125
184,0.4,9,10,1.1111111111111112
184,0.5,3,3,1.0
184,0.6,1,1,1.0
184,0.7,0,0,-1.0
184,0.8,0,0,-1.0
184,0.9,0,0,-1.0
184,1.0,0,0,-1.0
185,0.1,5,5,1.0
185,0.2,8,8,1.0
185,0.3,3,3,1.0
185,0.4,3,3,1.0
185,0.5,1,1,1.0
185,0.6,0,0,-1.0
185,0.7,0,0,-1.0
185,0.8,0,0,-1.0
185,0.9,0,0,-1.0
185,1.0,0,0,-1.0
186,0.1,10,10,1.0
186,0.2,2,2,1.0
186,0.3,3,3,1.0
186,0.4,4,5,1.25
186,0.5,0,0,-1.0
186,0.6,0,0,-1.0
186,0.7,0,0,-1.0
186,0.8,0,0,-1.0
186,0.9,0,0,-1.0
186,1.0,0,0,-1.0
187,0.1,6,6,1.0
187,0.2,0,0,-1.0
187,0.3,5,5,1.0
187,0.4,2,2,1.0
187,0.5,0,0,-1.0
187,0.6,0,0,-1.0
187,0.7,0,0,-1.0
187,0.8,0,0,-1.0
187,0.9,0,0,-1.0
187,1.0,0,0,-1.0
188,0.1,11,11,1.0
188,0.2,5,5,1.0
188,0.3,7,7,1.0
188,0.4,3,3,1.0
188,0.5,2,2,1.0
188,0.6,1,2,2.0
188,0.7,0,0,-1.0
188,0.8,0,0,-1.0
188,0.9,0,0,-1.0
188,1.0,0,0,-1.0
189,0.1,9,9,1.0
189,0.2,5,5,1.0
189,0.3,1,1,1.0
189,0.4,5,5,1.0
189,0.5,2,2,1.0
189,0.6,1,1,1.0
189,0.7,1,1,1.0
189,0.8,0,0,-1.0
189,0.9,0,0,-1.0
189,1.0,0,0,-1.0
190,0.1,12,12,1.0
190,0.2,4,4,1.0
190,0.3,2,2,1.0
190,0.4,2,2,1.0
190,0.5,0,0,-1.0
190,0.6,0,0,-1.0
190,0.7,0,0,-1.0
190,0.8,0,0,-1.0
190,0.9,0,0,-1.0
190,1.0,0,0,-1.0
191,0.1,0,0,-1.0
191,0.2,1,2,2.0
191,0.3,1,4,4.0
191,0.4,2,6,3.0
191,0.5,0,0,-1.0
191,0.6,0,0,-1.0
191,0.7,1,2,2.0
191,0.8,1,6,6.0
191,0.9,0,0,-1.0
191,1.0,0,0,-1.0
192,0.1,4,4,1.0
192,0.2,5,5,1.0
192,0.3,2,2,1.0
192,0.4,1,1,1.0
192,0.5,1,1,1.0
192,0.6,0,0,-1.0
192,0.7,1,7,7.0
192,0.8,0,0,-1.0
192,0.9,0,0,-1.0
192,1.0,0,0,-1.0
193,0.1,9,9,1.0
193,0.2,11,11,1.0
193,0.3,6,6,1.0
193,0.4,7,7,1.0
193,0.5,3,3,1.0
193,0.6,3,3,1.0
193,0.7,1,1,1.0
193,0.8,0,0,-1.0
193,0.9,0,0,-1.0
193,1.0,0,0,-1.0
194,0.1,7,7,1.0
194,0.2,5,5,1.0
194,0.3,13,14,1.0769230769230769
194,0.4,7,10,1.4285714285714286
194,0.5,2,2,1.0
194,0.6,2,2,1.0
194,0.7,0,0,-1.0
194,0.8,0,0,-1.0
194,0.9,0,0,-1.0
194,1.0,0,0,-1.0
195,0.1,8,8,1.0
195,0.2,7,7,1.0
195,0.3,8,8,1.0
195,0.4,7,8,1.1428571428571428
195,0.5,2,2,1.0
195,0.6,5,6,1.2
195,0.7,1,1,1.0
195,0.8,0,0,-1.0
195,0.9,0,0,-1.0
195,1.0,0,0,-1.0
196,0.1,10,10,1.0
196,0.2,10,12,1.2
196,0.3,11,12,1.0909090909090908
196,0.4,11,12,1.0909090909090908
196,0.5,3,6,2.0
196,0.6,4,16,4.0
196,0.7,1,1,1.0
196,0.8,0,0,-1.0
196,0.9,0,0,-1.0
196,1.0,0,0,-1.0
197,0.1,1,1,1.0
197,0.2,2,2,1.0
197,0.3,6,8,1.3333333333333333
197,0.4,6,6,1.0
197,0.5,2,2,1.0
197,0.6,1,1,1.0
197,0.7,0,0,-1.0
197,0.8,0,0,-1.0
197,0.9,0,0,-1.0
197,1.0,0,0,-1.0
198,0.1,15,16,1.0666666666666667
198,0.2,13,16,1.2307692307692308
198,0.3,12,12,1.0
198,0.4,7,7,1.0
198,0.5,4,4,1.0
198,0.6,2,2,1.0
198,0.7,0,0,-1.0
198,0.8,1,3,3.0
198,0.9,1,1,1.0
198,1.0,0,0,-1.0
199,0.1,7,7,1.0
199,0.2,9,9,1.0
199,0.3,3,3,1.0
199,0.4,5,5,1.0
199,0.5,7,7,1.0
199,0.6,0,0,-1.0
199,0.7,1,1,1.0
199,0.8,0,0,-1.0
199,0.9,0,0,-1.0
199,1.0,0,0,-1.0
200,0.1,1,1,1.0
200,0.2,8,8,1.0
200,0.3,5,5,1.0
200,0.4,2,2,1.0
200,0.5,1,1,1.0
200,0.6,2,2,1.0
200,0.7,0,0,-1.0
200,0.8,1,1,1.0
200,0.9,0,0,-1.0
200,1.0,0,0,-1.0
201,0.1,13,13,1.0
201,0.2,17,17,1.0
201,0.3,12,12,1.0
201,0.4,14,14,1.0
201,0.5,6,7,1.1666666666666667
201,0.6,4,9,2.25
201,0.7,2,2,1.0
201,0.8,0,0,-1.0
201,0.9,0,0,-1.0
201,1.0,0,0,-1.0
202,0.1,12,12,1.0
202,0.2,7,7,1.0
202,0.3,8,9,1.125
202,0.4,7,7,1.0
202,0.5,3,5,1.6666666666666667
202,0.6,2,2,1.0
202,0.7,1,1,1.0
202,0.8,0,0,-1.0
202,0.9,0,0,-1.0
202,1.0,0,0,-1.0
203,0.1,7,7,1.0
203,0.2,6,6,1.0
203,0.3,4,4,1.0
203,0.4,2,2,1.0
203,0.5,1,1,1.0
203,0.6,0,0,-1.0
203,0.7,0,0,-1.0
203,0.8,0,0,-1.0
203,0.9,0,0,-1.0
203,1.0,0,0,-1.0
204,0.1,4,5,1.25
204,0.2,3,3,1.0
204,0.3,3,3,1.0
204,0.4,3,3,1.0
204,0.5,2,2,1.0
204,0.6,1,1,1.0
204,0.7,1,2,2.0
204,0.8,0,0,-1.0
204,0.9,1,1,1.0
204,1.0,0,0,-1.0
205,0.1,6,6,1.0
205,0.2,4,4,1.0
205,0.3,3,3,1.0
205,0.4,5,5,1.0
205,0.5,0,0,-1.0
205,0.6,1,1,1.0
205,0.7,0,0,-1.0
205,0.8,0,0,-1.0
205,0.9,1,1,1.0
205,1.0,0,0,-1.0
206,0.1,3,3,1.0
206,0.2,3,3,1.0
206,0.3,4,4,1.0
206,0.4,8,8,1.0
206,0.5,1,1,1.0
206,0.6,1,1,1.0
206,0.7,0,0,-1.0
206,0.8,0,0,-1.0
206,0.9,0,0,-1.0
206,1.0,0,0,-1.0
207,0.1,13,13,1.0
207,0.2,19,19,1.0
207,0.3,15,17,1.1333333333333333
207,0.4,9,9,1.0
207,0.5,4,5,1.25
207,0.6,2,2,1.0
207,0.7,0,0,-1.0
207,0.8,0,0,-1.0
207,0.9,1,1,1.0
207,1.0,0,0,-1.0
208,0.1,18,19,1.0555555555555556
208,0.2,15,15,1.0
208,0.3,7,7,1.0
208,0.4,7,7,1.0
208,0.5,4,4,1.0
208,0.6,0,0,-1.0
208,0.7,0,0,-1.0
208,0.8,0,0,-1.0
208,0.9,1,1,1.0
208,1.0,0,0,-1.0
209,0.1,10,10,1.0
209,0.2,10,11,1.1
209,0.3,12,12,1.0
209,0.4,11,14,1.2727272727272727
209,0.5,6,19,3.1666666666666665
209,0.6,2,2,1.0
209,0.7,4,5,1.25
209,0.8,1,1,1.0
209,0.9,1,1,1.0
209,1.0,0,0,-1.0
210,0.1,6,7,1.1666666666666667
210,0.2,3,3,1.0
210,0.3,11,17,1.5454545454545454
210,0.4,7,7,1.0
210,0.5,1,1,1.0
210,0.6,0,0,-1.0
210,0.7,1,1,1.0
210,0.8,0,0,-1.0
210,0.9,0,0,-1.0
210,1.0,0,0,-1.0
211,0.1,7,7,1.0
211,0.2,10,10,1.0
211,0.3,14,14,1.0
211,0.4,14,14,1.0
211,0.5,3,4,1.3333333333333333
211,0.6,1,1,1.0
211,0.7,1,1,1.0
211,0.8,0,0,-1.0
211,0.9,0,0,-1.0
211,1.0,0,0,-1.0
212,0.1,1,1,1.0
212,0.2,5,5,1.0
212,0.3,3,3,1.0
212,0.4,3,3,1.0
212,0.5,2,2,1.0
212,0.6,2,3,1.5
212,0.7,1,8,8.0
212,0.8,0,0,-1.0
212,0.9,1,1,1.0
212,1.0,0,0,-1.0
213,0.1,0,0,-1.0
213,0.2,11,11,1.0
213,0.3,2,2,1.0
213,0.4,5,5,1.0
213,0.5,2,2,1.0
213,0.6,0,0,-1.0
213,0.7,0,0,-1.0
213,0.8,0,0,-1.0
213,0.9,0,0,-1.0
213,1.0,0,0,-1.0
214,0.1,14,17,1.2142857142857142
214,0.2,7,7,1.0
214,0.3,4,4,1.0
214,0.4,5,5,1.0
214,0.5,4,4,1.0
214,0.6,2,2,1.0
214,0.7,1,1,1.0
214,0.8,0,0,-1.0
214,0.9,0,0,-1.0
214,1.0,0,0,-1.0
215,0.1,7,8,1.1428571428571428
215,0.2,3,3,1.0
215,0.3,2,2,1.0
215,0.4,4,4,1.0
215,0.5,1,1,1.0
215,0.6,1,1,1.0
215,0.7,0,0,-1.0
215,0.8,1,1,1.0
215,0.9,0,0,-1.0
215,1.0,0,0,-1.0
216,0.1,15,18,1.2
216,0.2,9,9,1.0
216,0.3,8,8,1.0
216,0.4,7,7,1.0
216,0.5,9,10,1.1111111111111112
216,0.6,3,5,1.6666666666666667
216,0.7,2,3,1.5
216,0.8,0,0,-1.0
216,0.9,0,0,-1.0
216,1.0,0,0,-1.0
217,0.1,6,6,1.0
217,0.2,14,15,1.0714285714285714
217,0.3,8,8,1.0
217,0.4,10,11,1.1
217,0.5,0,0,-1.0
217,0.6,2,2,1.0
217,0.7,0,0,-1.0
217,0.8,0,0,-1.0
217,0.9,0,0,-1.0
217,1.0,0,0,-1.0
218,0.1,13,15,1.1538461538461537
218,0.2,4,4,1.0
218,0.3,3,3,1.0
218,0.4,3,6,2.0
218,0.5,1,1,1.0
218,0.6,1,1,1.0
218,0.7,0,0,-1.0
218,0.8,0,0,-1.0
218,0.9,0,0,-1.0
218,1.0,0,0,-1.0
219,0.1,1,1,1.0
219,0.2,2,2,1.0
219,0.3,1,1,1.0
219,0.4,2,2,1.0
219,0.5,0,0,-1.0
219,0.6,0,0,-1.0
219,0.7,0,0,-1.0
219,0.8,0,0,-1.0
219,0.9,0,0,-1.0
219,1.0,0,0,-1.0
220,0.1,10,10,1.0
220,0.2,13,13,1.0
220,0.3,7,7,1.0
220,0.4,4,6,1.5
220,0.5,3,3,1.0
220,0.6,1,1,1.0
220,0.7,0,0,-1.0
220,0.8,0,0,-1.0
220,0.9,0,0,-1.0
220,1.0,0,0,-1.0
221,0.1,3,3,1.0
221,0.2,6,6,1.0
221,0.3,4,4,1.0
221,0.4,1,3,3.0
221,0.5,2,3,1.5
221,0.6,0,0,-1.0
221,0.7,1,1,1.0
221,0.8,0,0,-1.0
221,0.9,0,0,-1.0
221,1.0,0,0,-1.0
222,0.1,6,6,1.0
222,0.2,5,5,1.0
222,0.3,2,2,1.0
222,0.4,3,3,1.0
222,0.5,3,3,1.0
222,0.6,1,1,1.0
222,0.7,0,0,-1.0
222,0.8,0,0,-1.0
222,0.9,0,0,-1.0
222,1.0,0,0,-1.0
223,0.1,1,1,1.0
223,0.2,5,5,1.0
223,0.3,9,10,1.1111111111111112
223,0.4,11,12,1.0909090909090908
223,0.5,4,4,1.0
223,0.6,1,1,1.0
223,0.7,3,4,1.3333333333333333
223,0.8,1,1,1.0
223,0.9,1,1,1.0
223,1.0,0,0,-1.0
224,0.1,15,16,1.0666666666666667
224,0.2,13,14,1.0769230769230769
224,0.3,15,17,1.1333333333333333
224,0.4,9,10,1.1111111111111112
224,0.5,6,15,2.5
224,0.6,4,7,1.75
224,0.7,0,0,-1.0
224,0.8,0,0,-1.0
224,0.9,0,0,-1.0
224,1.0,0,0,-1.0
225,0.1,16,16,1.0
225,0.2,14,14,1.0
225,0.3,13,13,1.0
225,0.4,9,11,1.2222222222222223
225,0.5,3,3,1.0
225,0.6,2,2,1.0
225,0.7,0,0,-1.0
225,0.8,0,0,-1.0
225,0.9,0,0,-1.0
225,1.0,0,0,-1.0
226,0.1,4,5,1.25
226,0.2,2,3,1.5
226,0.3,1,1,1.0
226,0.4,1,1,1.0
226,0.5,1,1,1.0
226,0.6,0,0,-1.0
226,0.7,2,6,3.0
226,0.8,0,0,-1.0
226,0.9,1,1,1.0
226,1.0,0,0,-1.0
227,0.1,26,27,1.0384615384615385
227,0.2,40,42,1.05
227,0.3,43,49,1.1395348837209303
227,0.4,26,39,1.5
227,0.5,12,21,1.75
227,0.6,6,7,1.1666666666666667
227,0.7,4,9,2.25
227,0.8,1,1,1.0
227,0.9,0,0,-1.0
227,1.0,0,0,-1.0
228,0.1,6,6,1.0
228,0.2,8,8,1.0
228,0.3,5,5,1.0
228,0.4,5,5,1.0
228,0.5,2,5,2.5
228,0.6,1,1,1.0
228,0.7,0,0,-1.0
228,0.8,0,0,-1.0
228,0.9,1,1,1.0
228,1.0,0,0,-1.0
229,0.1,4,4,1.0
229,0.2,10,10,1.0
229,0.3,4,4,1.0
229,0.4,0,0,-1.0
229,0.5,0,0,-1.0
229,0.6,1,1,1.0
229,0.7,0,0,-1.0
229,0.8,0,0,-1.0
229,0.9,1,1,1.0
229,1.0,0,0,-1.0
230,0.1,16,16,1.0
230,0.2,9,9,1.0
230,0.3,9,9,1.0
230,0.4,11,11,1.0
230,0.5,5,5,1.0
230,0.6,2,2,1.0
230,0.7,1,1,1.0
230,0.8,0,0,-1.0
230,0.9,0,0,-1.0
230,1.0,0,0,-1.0
231,0.1,1,1,1.0
231,0.2,7,7,1.0
231,0.3,4,4,1.0
231,0.4,6,6,1.0
231,0.5,2,2,1.0
231,0.6,0,0,-1.0
231,0.7,0,0,-1.0
231,0.8,0,0,-1.0
231,0.9,0,0,-1.0
231,1.0,0,0,-1.0
232,0.1,8,8,1.0
232,0.2,9,9,1.0
232,0.3,6,6,1.0
232,0.4,7,9,1.2857142857142858
232,0.5,3,3,1.0
232,0.6,0,0,-1.0
232,0.7,1,1,1.0
232,0.8,0,0,-1.0
232,0.9,0,0,-1.0
232,1.0,0,0,-1.0
233,0.1,20,23,1.15
233,0.2,10,10,1.0
233,0.3,10,17,1.7
233,0.4,6,7,1.1666666666666667
233,0.5,3,3,1.0
233,0.6,0,0,-1.0
233,0.7,0,0,-1.0
233,0.8,0,0,-1.0
233,0.9,0,0,-1.0
233,1.0,0,0,-1.0
234,0.1,34,34,1.0
234,0.2,14,14,1.0
234,0.3,12,12,1.0
234,0.4,7,8,1.1428571428571428
234,0.5,2,2,1.0
234,0.6,2,2,1.0
234,0.7,1,1,1.0
234,0.8,1,8,8.0
234,0.9,1,1,1.0
234,1.0,0,0,-1.0
235,0.1,4,5,1.25
235,0.2,3,4,1.3333333333333333
235,0.3,5,5,1.0
235,0.4,3,4,1.3333333333333333
235,0.5,2,2,1.0
235,0.6,0,0,-1.0
235,0.7,0,0,-1.0
235,0.8,0,0,-1.0
235,0.9,0,0,-1.0
235,1.0,0,0,-1.0
236,0.1,20,20,1.0
236,0.2,19,19,1.0
236,0.3,10,10,1.0
236,0.4,4,4,1.0
236,0.5,2,2,1.0
236,0.6,2,2,1.0
236,0.7,0,0,-1.0
236,0.8,0,0,-1.0
236,0.9,0,0,-1.0
236,1.0,0,0,-1.0
237,0.1,10,10,1.0
237,0.2,4,4,1.0
237,0.3,3,3,1.0
237,0.4,6,7,1.1666666666666667
237,0.5,4,5,1.25
237,0.6,1,1,1.0
237,0.7,0,0,-1.0
237,0.8,1,1,1.0
237,0.9,0,0,-1.0
237,1.0,0,0,-1.0
238,0.1,6,6,1.0
238,0.2,2,2,1.0
238,0.3,3,3,1.0
238,0.4,4,4,1.0
238,0.5,3,4,1.3333333333333333
238,0.6,1,1,1.0
238,0.7,0,0,-1.0
238,0.8,0,0,-1.0
238,0.9,0,0,-1.0
238,1.0,0,0,-1.0
239,0.1,7,7,1.0
239,0.2,7,7,1.0
239,0.3,2,2,1.0
239,0.4,8,10,1.25
239,0.5,1,1,1.0
239,0.6,0,0,-1.0
239,0.7,3,11,3.6666666666666665
239,0.8,0,0,-1.0
239,0.9,1,1,1.0
239,1.0,0,0,-1.0
240,0.1,11,13,1.1818181818181819
240,0.2,12,13,1.0833333333333333
240,0.3,4,4,1.0
240,0.4,5,5,1.0
240,0.5,4,4,1.0
240,0.6,1,1,1.0
240,0.7,1,2,2.0
240,0.8,0,0,-1.0
240,0.9,1,1,1.0
240,1.0,0,0,-1.0
241,0.1,12,13,1.0833333333333333
241,0.2,9,9,1.0
241,0.3,8,8,1.0
241,0.4,5,5,1.0
241,0.5,4,4,1.0
241,0.6,2,2,1.0
241,0.7,2,3,1.5
241,0.8,0,0,-1.0
241,0.9,2,2,1.0
241,1.0,0,0,-1.0
242,0.1,2,2,1.0
242,0.2,1,1,1.0
242,0.3,1,1,1.0
242,0.4,2,2,1.0
242,0.5,2,2,1.0
242,0.6,2,3,1.5
242,0.7,1,1,1.0
242,0.8,1,1,1.0
242,0.9,2,3,1.5
242,1.0,0,0,-1.0
243,0.1,1,1,1.0
243,0.2,6,6,1.0
243,0.3,6,6,1.0
243,0.4,3,4,1.3333333333333333
243,0.5,3,3,1.0
243,0.6,0,0,-1.0
243,0.7,0,0,-1.0
243,0.8,0,0,-1.0
243,0.9,0,0,-1.0
243,1.0,0,0,-1.0
244,0.1,3,5,1.6666666666666667
244,0.2,1,2,2.0
244,0.3,2,5,2.5
244,0.4,4,4,1.0
244,0.5,0,0,-1.0
244,0.6,3,4,1.3333333333333333
244,0.7,0,0,-1.0
244,0.8,0,0,-1.0
244,0.9,0,0,-1.0
244,1.0,0,0,-1.0
245,0.1,3,4,1.3333333333333333
245,0.2,3,3,1.0
245,0.3,3,3,1.0
245,0.4,2,4,2.0
245,0.5,1,1,1.0
245,0.6,3,4,1.3333333333333333
245,0.7,0,0,-1.0
245,0.8,0,0,-1.0
245,0.9,0,0,-1.0
245,1.0,0,0,-1.0
246,0.1,9,9,1.0
246,0.2,3,3,1.0
246,0.3,2,2,1.0
246,0.4,4,4,1.0
246,0.5,2,2,1.0
246,0.6,0,0,-1.0
246,0.7,0,0,-1.0
246,0.8,0,0,-1.0
246,0.9,0,0,-1.0
246,1.0,0,0,-1.0
247,0.1,7,7,1.0
247,0.2,8,9,1.125
247,0.3,0,0,-1.0
247,0.4,1,1,1.0
247,0.5,3,3,1.0
247,0.6,0,0,-1.0
247,0.7,0,0,-1.0
247,0.8,0,0,-1.0
247,0.9,0,0,-1.0
247,1.0,0,0,-1.0
248,0.1,13,13,1.0
248,0.2,6,7,1.1666666666666667
248,0.3,5,5,1.0
248,0.4,5,5,1.0
248,0.5,2,2,1.0
248,0.6,0,0,-1.0
248,0.7,0,0,-1.0
248,0.8,0,0,-1.0
248,0.9,0,0,-1.0
248,1.0,0,0,-1.0
249,0.1,5,5,1.0
249,0.2,3,3,1.0
249,0.3,4,4,1.0
249,0.4,3,4,1.3333333333333333
249,0.5,1,1,1.0
249,0.6,1,2,2.0
249,0.7,0,0,-1.0
249,0.8,0,0,-1.0
249,0.9,1,1,1.0
249,1.0,0,0,-1.0
250,0.1,3,3,1.0
250,0.2,4,4,1.0
250,0.3,4,4,1.0
250,0.4,5,5,1.0
250,0.5,2,2,1.0
250,0.6,1,2,2.0
250,0.7,0,0,-1.0
250,0.8,0,0,-1.0
250,0.9,0,0,-1.0
250,1.0,0,0,-1.0
251,0.1,16,16,1.0
251,0.2,6,6,1.0
251,0.3,4,4,1.0
251,0.4,5,5,1.0
251,0.5,1,1,1.0
251,0.6,0,0,-1.0
251,0.7,1,2,2.0
251,0.8,0,0,-1.0
251,0.9,0,0,-1.0
251,1.0,0,0,-1.0
252,0.1,8,8,1.0
252,0.2,3,3,1.0
252,0.3,10,10,1.0
252,0.4,4,6,1.5
252,0.5,3,19,6.333333333333333
252,0.6,1,1,1.0
252,0.7,3,3,1.0
252,0.8,0,0,-1.0
252,0.9,1,1,1.0
252,1.0,0,0,-1.0
253,0.1,7,8,1.1428571428571428
253,0.2,3,3,1.0
253,0.3,7,8,1.1428571428571428
253,0.4,5,6,1.2
253,0.5,3,3,1.0
253,0.6,1,1,1.0
253,0.7,1,2,2.0
253,0.8,0,0,-1.0
253,0.9,0,0,-1.0
253,1.0,0,0,-1.0
254,0.1,1,1,1.0
254,0.2,8,8,1.0
254,0.3,7,8,1.1428571428571428
254,0.4,3,3,1.0
254,0.5,1,1,1.0
254,0.6,1,1,1.0
254,0.7,0,0,-1.0
254,0.8,0,0,-1.0
254,0.9,0,0,-1.0
254,1.0,0,0,-1.0
255,0.1,36,36,1.0
255,0.2,27,27,1.0
255,0.3,25,26,1.04
255,0.4,15,16,1.0666666666666667
255,0.5,5,5,1.0
255,0.6,4,5,1.25
255,0.7,0,0,-1.0
255,0.8,0,0,-1.0
255,0.9,0,0,-1.0
255,1.0,0,0,-1.0
256,0.1,5,5,1.0
256,0.2,5,5,1.0
256,0.3,3,3,1.0
256,0.4,2,2,1.0
256,0.5,1,1,1.0
256,0.6,0,0,-1.0
256,0.7,0,0,-1.0
256,0.8,0,0,-1.0
256,0.9,1,1,1.0
256,1.0,0,0,-1.0
257,0.1,16,16,1.0
257,0.2,18,18,1.0
257,0.3,16,23,1.4375
257,0.4,12,12,1.0
257,0.5,5,5,1.0
257,0.6,0,0,-1.0
257,0.7,0,0,-1.0
257,0.8,0,0,-1.0
257,0.9,0,0,-1.0
257,1.0,0,0,-1.0
258,0.1,5,5,1.0
258,0.2,5,6,1.2
258,0.3,2,2,1.0
258,0.4,3,3,1.0
258,0.5,2,2,1.0
258,0.6,1,1,1.0
258,0.7,0,0,-1.0
258,0.8,0,0,-1.0
258,0.9,1,1,1.0
258,1.0,0,0,-1.0
259,0.1,14,14,1.0
259,0.2,7,7,1.0
259,0.3,3,3,1.0
259,0.4,1,1,1.0
259,0.5,0,0,-1.0
259,0.6,0,0,-1.0
259,0.7,0,0,-1.0
259,0.8,0,0,-1.0
259,0.9,0,0,-1.0
259,1.0,0,0,-1.0
260,0.1,5,8,1.6
260,0.2,1,1,1.0
260,0.3,4,5,1.25
260,0.4,2,2,1.0
260,0.5,3,3,1.0
260,0.6,1,1,1.0
260,0.7,0,0,-1.0
260,0.8,0,0,-1.0
260,0.9,0,0,-1.0
260,1.0,0,0,-1.0
261,0.1,4,6,1.5
261,0.2,3,4,1.3333333333333333
261,0.3,3,3,1.0
261,0.4,2,2,1.0
261,0.5,1,1,1.0
261,0.6,3,4,1.3333333333333333
261,0.7,0,0,-1.0
261,0.8,0,0,-1.0
261,0.9,0,0,-1.0
261,1.0,0,0,-1.0
262,0.1,0,0,-1.0
262,0.2,4,5,1.25
262,0.3,1,1,1.0
262,0.4,1,1,1.0
262,0.5,0,0,-1.0
262,0.6,0,0,-1.0
262,0.7,0,0,-1.0
262,0.8,0,0,-1.0
262,0.9,0,0,-1.0
262,1.0,0,0,-1.0
263,0.1,6,6,1.0
263,0.2,7,7,1.0
263,0.3,9,11,1.2222222222222223
263,0.4,7,9,1.2857142857142858
263,0.5,4,5,1.25
263,0.6,1,1,1.0
263,0.7,0,0,-1.0
263,0.8,0,0,-1.0
263,0.9,0,0,-1.0
263,1.0,0,0,-1.0
264,0.1,4,6,1.5
264,0.2,4,4,1.0
264,0.3,2,2,1.0
264,0.4,2,2,1.0
264,0.5,2,3,1.5
264,0.6,0,0,-1.0
264,0.7,1,3,3.0
264,0.8,0,0,-1.0
264,0.9,0,0,-1.0
264,1.0,0,0,-1.0
265,0.1,3,3,1.0
265,0.2,0,0,-1.0
265,0.3,4,4,1.0
265,0.4,3,3,1.0
265,0.5,2,2,1.0
265,0.6,1,3,3.0
265,0.7,0,0,-1.0
265,0.8,1,4,4.0
265,0.9,1,1,1.0
265,1.0,0,0,-1.0
266,0.1,14,14,1.0
266,0.2,13,13,1.0
266,0.3,9,9,1.0
266,0.4,5,5,1.0
266,0.5,4,5,1.25
266,0.6,1,1,1.0
266,0.7,1,1,1.0
266,0.8,0,0,-1.0
266,0.9,1,1,1.0
266,1.0,0,0,-1.0
267,0.1,9,9,1.0
267,0.2,12,12,1.0
267,0.3,11,11,1.0
267,0.4,5,5,1.0
267,0.5,2,2,1.0
267,0.6,1,1,1.0
267,0.7,1,1,1.0
267,0.8,1,2,2.0
267,0.9,1,1,1.0
267,1.0,0,0,-1.0
268,0.1,10,10,1.0
268,0.2,13,13,1.0
268,0.3,4,4,1.0
268,0.4,7,12,1.7142857142857142
268,0.5,4,5,1.25
268,0.6,4,12,3.0
268,0.7,2,2,1.0
268,0.8,0,0,-1.0
268,0.9,0,0,-1.0
268,1.0,0,0,-1.0
269,0.1,20,20,1.0
269,0.2,11,11,1.0
269,0.3,11,11,1.0
269,0.4,8,8,1.0
269,0.5,1,1,1.0
269,0.6,4,4,1.0
269,0.7,0,0,-1.0
269,0.8,0,0,-1.0
269,0.9,1,2,2.0
269,1.0,0,0,-1.0
270,0.1,7,7,1.0
270,0.2,8,9,1.125
270,0.3,3,3,1.0
270,0.4,2,2,1.0
270,0.5,0,0,-1.0
270,0.6,0,0,-1.0
270,0.7,1,1,1.0
270,0.8,0,0,-1.0
270,0.9,0,0,-1.0
270,1.0,0,0,-1.0
271,0.1,11,11,1.0
271,0.2,14,16,1.1428571428571428
271,0.3,10,12,1.2
271,0.4,6,6,1.0
271,0.5,4,5,1.25
271,0.6,1,1,1.0
271,0.7,0,0,-1.0
271,0.8,0,0,-1.0
271,0.9,0,0,-1.0
271,1.0,0,0,-1.0
272,0.1,14,14,1.0
272,0.2,13,13,1.0
272,0.3,5,6,1.2
272,0.4,10,11,1.1
272,0.5,0,0,-1.0
272,0.6,1,1,1.0
272,0.7,0,0,-1.0
272,0.8,0,0,-1.0
272,0.9,1,1,1.0
272,1.0,0,0,-1.0
273,0.1,3,3,1.0
273,0.2,3,3,1.0
273,0.3,5,5,1.0
273,0.4,3,3,1.0
273,0.5,0,0,-1.0
273,0.6,0,0,-1.0
273,0.7,1,4,4.0
273,0.8,0,0,-1.0
273,0.9,1,2,2.0
273,1.0,0,0,-1.0
274,0.1,10,10,1.0
274,0.2,9,9,1.0
274,0.3,7,7,1.0
274,0.4,7,7,1.0
274,0.5,2,2,1.0
274,0.6,3,3,1.0
274,0.7,0,0,-1.0
274,0.8,0,0,-1.0
274,0.9,0,0,-1.0
274,1.0,0,0,-1.0
275,0.1,12,12,1.0
275,0.2,12,13,1.0833333333333333
275,0.3,7,7,1.0
275,0.4,2,2,1.0
275,0.5,6,6,1.0
275,0.6,0,0,-1.0
275,0.7,0,0,-1.0
275,0.8,0,0,-1.0
275,0.9,0,0,-1.0
275,1.0,0,0,-1.0
276,0.1,4,4,1.0
276,0.2,1,1,1.0
276,0.3,3,5,1.6666666666666667
276,0.4,4,6,1.5
276,0.5,3,3,1.0
276,0.6,1,1,1.0
276,0.7,0,0,-1.0
276,0.8,0,0,-1.0
276,0.9,0,0,-1.0
276,1.0,0,0,-1.0
277,0.1,21,22,1.0476190476190477
277,0.2,11,14,1.2727272727272727
277,0.3,10,13,1.3
277,0.4,7,8,1.1428571428571428
277,0.5,6,7,1.1666666666666667
277,0.6,4,12,3.0
277,0.7,2,4,2.0
277,0.8,0,0,-1.0
277,0.9,0,0,-1.0
277,1.0,0,0,-1.0
278,0.1,17,17,1.0
278,0.2,14,14,1.0
278,0.3,12,13,1.0833333333333333
278,0.4,6,9,1.5
278,0.5,6,7,1.1666666666666667
278,0.6,0,0,-1.0
278,0.7,0,0,-1.0
278,0.8,0,0,-1.0
278,0.9,0,0,-1.0
278,1.0,0,0,-1.0
279,0.1,11,12,1.0909090909090908
279,0.2,7,7,1.0
279,0.3,6,6,1.0
279,0.4,3,4,1.3333333333333333
279,0.5,0,0,-1.0
279,0.6,0,0,-1.0
279,0.7,0,0,-1.0
279,0.8,0,0,-1.0
279,0.9,0,0,-1.0
279,1.0,0,0,-1.0
280,0.1,11,11,1.0
280,0.2,9,9,1.0
280,0.3,17,17,1.0
280,0.4,6,6,1.0
280,0.5,11,12,1.0909090909090908
280,0.6,2,3,1.5
280,0.7,0,0,-1.0
280,0.8,0,0,-1.0
280,0.9,0,0,-1.0
280,1.0,0,0,-1.0
281,0.1,18,18,1.0
281,0.2,17,18,1.0588235294117647
281,0.3,19,19,1.0
281,0.4,12,15,1.25
281,0.5,4,5,1.25
281,0.6,4,4,1.0
281,0.7,1,1,1.0
281,0.8,0,0,-1.0
281,0.9,0,0,-1.0
281,1.0,0,0,-1.0
282,0.1,3,6,2.0
282,0.2,5,5,1.0
282,0.3,7,7,1.0
282,0.4,5,5,1.0
282,0.5,6,6,1.0
282,0.6,8,8,1.0
282,0.7,3,3,1.0
282,0.8,0,0,-1.0
282,0.9,0,0,-1.0
282,1.0,0,0,-1.0
283,0.1,3,3,1.0
283,0.2,4,5,1.25
283,0.3,3,3,1.0
283,0.4,4,4,1.0
283,0.5,2,3,1.5
283,0.6,1,1,1.0
283,0.7,1,1,1.0
283,0.8,0,0,-1.0
283,0.9,0,0,-1.0
283,1.0,0,0,-1.0
284,0.1,15,15,1.0
284,0.2,7,7,1.0
284,0.3,9,9,1.0
284,0.4,4,5,1.25
284,0.5,1,1,1.0
284,0.6,0,0,-1.0
284,0.7,1,3,3.0
284,0.8,0,0,-1.0
284,0.9,0,0,-1.0
284,1.0,0,0,-1.0
285,0.1,7,7,1.0
285,0.2,7,9,1.2857142857142858
285,0.3,7,7,1.0
285,0.4,9,9,1.0
285,0.5,1,1,1.0
285,0.6,0,0,-1.0
285,0.7,1,1,1.0
285,0.8,0,0,-1.0
285,0.9,0,0,-1.0
285,1.0,0,0,-1.0
286,0.1,15,15,1.0
286,0.2,7,8,1.1428571428571428
286,0.3,11,12,1.0909090909090908
286,0.4,12,12,1.0
286,0.5,3,3,1.0
286,0.6,2,3,1.5
286,0.7,0,0,-1.0
286,0.8,0,0,-1.0
286,0.9,0,0,-1.0
286,1.0,0,0,-1.0
287,0.1,14,14,1.0
287,0.2,18,18,1.0
287,0.3,6,8,1.3333333333333333
287,0.4,10,12,1.2
287,0.5,5,5,1.0
287,0.6,0,0,-1.0
287,0.7,0,0,-1.0
287,0.8,0,0,-1.0
287,0.9,0,0,-1.0
287,1.0,0,0,-1.0
288,0.1,25,25,1.0
288,0.2,14,14,1.0
288,0.3,15,16,1.0666666666666667
288,0.4,10,10,1.0
288,0.5,19,21,1.105263157894737
288,0.6,0,0,-1.0
288,0.7,0,0,-1.0
288,0.8,1,2,2.0
288,0.9,0,0,-1.0
288,1.0,0,0,-1.0
289,0.1,3,3,1.0
289,0.2,12,12,1.0
289,0.3,8,8,1.0
289,0.4,5,5,1.0
289,0.5,4,4,1.0
289,0.6,0,0,-1.0
289,0.7,0,0,-1.0
289,0.8,0,0,-1.0
289,0.9,0,0,-1.0
289,1.0,0,0,-1.0
290,0.1,15,15,1.0
290,0.2,17,17,1.0
290,0.3,13,13,1.0
290,0.4,6,6,1.0
290,0.5,2,2,1.0
290,0.6,1,1,1.0
290,0.7,1,1,1.0
290,0.8,1,5,5.0
290,0.9,0,0,-1.0
290,1.0,0,0,-1.0
291,0.1,17,17,1.0
291,0.2,22,22,1.0
291,0.3,19,19,1.0
291,0.4,22,24,1.0909090909090908
291,0.5,13,14,1.0769230769230769
291,0.6,2,2,1.0
291,0.7,1,1,1.0
291,0.8,0,0,-1.0
291,0.9,0,0,-1.0
291,1.0,0,0,-1.0
292,0.1,16,16,1.0
292,0.2,12,12,1.0
292,0.3,9,9,1.0
292,0.4,9,12,1.3333333333333333
292,0.5,6,7,1.1666666666666667
292,0.6,2,3,1.5
292,0.7,0,0,-1.0
292,0.8,0,0,-1.0
292,0.9,0,0,-1.0
292,1.0,0,0,-1.0
293,0.1,8,8,1.0
293,0.2,12,12,1.0
293,0.3,10,10,1.0
293,0.4,6,6,1.0
293,0.5,3,3,1.0
293,0.6,1,1,1.0
293,0.7,0,0,-1.0
293,0.8,0,0,-1.0
293,0.9,0,0,-1.0
293,1.0,0,0,-1.0
